2.83,1.676,0.349,-1.467,1.785,2.248,2.53,0.05,3.078,-3.211,1,0
0.042,2.593,-7.229,-2.18,1.053,4.012,0.019,-0.33,-1.055,-1.66,1,0
-0.06,-0.339,1.14,0.633,-0.379,-0.82,-0.115,-0.121,0.014,0.45,1,0
0.337,-1.755,1.948,-2.787,2.127,0.949,1.091,2.212,1.819,-1.497,1,0
-1.517,-0.726,-0.175,1.229,-1.261,-1.45,-1.464,-0.319,-1.809,1.936,1,0
-1.5,-1.696,1.849,1.171,-1.089,-2.194,-1.283,0.208,-1.244,2.052,1,0
-1.596,-1.8,4.651,4.431,-3.177,-5.107,-1.947,-1.243,-1.787,3.935,1,0
-0.198,3.349,-9.678,-2.679,1.177,5.098,-0.226,-0.511,-1.721,-1.879,1,0
-0.492,-0.037,-2.509,-2.007,1.089,1.788,-0.068,0.899,-0.348,-0.729,1,0
-1.019,-0.013,-1.229,0.696,-0.828,-0.473,-1.037,-0.399,-1.458,1.151,1,0
-0.602,-0.649,1.392,1.318,-0.978,-1.594,-0.675,-0.322,-0.64,1.285,1,0
1.387,-0.057,0.763,-2.208,1.935,1.682,1.652,1.161,2.207,-2.248,1,0
1.209,-0.658,1.798,-2.102,1.88,1.123,1.571,1.407,2.285,-1.956,1,0
1.035,-0.335,-0.653,-3.824,2.862,2.913,1.678,2.017,2.124,-2.827,1,0
1.137,3.034,-4.658,-0.386,0.276,2.654,0.602,-1.289,-0.09,-1.569,1,0
4.639,5.61,-3.261,0.192,0.902,3.759,3.215,-2.585,3.096,-4.308,1,0
1.388,-0.767,5.335,1.429,-0.275,-2.068,1.104,-0.144,2.074,-0.13,1,0
0.316,-0.518,1.516,-0.173,0.298,-0.317,0.397,0.373,0.733,-0.247,1,0
-1.06,-0.809,-3.532,-3.923,2.189,2.908,-0.103,2.129,-0.407,-1.229,1,0
0.915,1.053,-0.044,0.615,-0.18,0.196,0.537,-0.747,0.556,-0.523,1,0
-1.139,-1.66,3.706,2.686,-1.916,-3.536,-1.243,-0.476,-1,2.609,1,0
0.526,1.696,-0.799,2.157,-1.391,-0.568,-0.195,-1.82,-0.542,0.512,1,0
-1.619,-2.425,2.985,0.954,-0.9,-2.584,-1.234,0.674,-0.971,2.143,1,0
0.386,-1.164,2.541,-0.72,0.758,-0.377,0.663,0.963,1.261,-0.494,1,0
-0.38,-0.651,-0.507,-1.408,0.834,0.749,0.021,0.95,0.053,-0.382,1,0
0.288,-0.172,3.149,2.68,-1.565,-2.517,-0.203,-1.118,0.093,1.287,1,0
1.492,1.968,0.698,2.535,-1.299,-0.813,0.557,-2.052,0.548,-0.052,1,0
-0.12,-1.582,-1.022,-4.896,3.266,2.991,1.04,3.054,1.419,-2.343,1,0
-0.879,-0.907,-1.167,-1.759,0.9,0.916,-0.32,1.201,-0.424,-0.157,1,0
-0.683,0.415,0.545,3.14,-2.305,-2.301,-1.25,-1.714,-1.597,2.173,1,0
0.639,-0.386,0.288,-1.987,1.553,1.326,0.995,1.165,1.354,-1.509,1,0
0.353,-0.27,-0.378,-1.876,1.359,1.364,0.701,1.031,0.893,-1.253,1,0
-0.095,-0.979,0.075,-2.15,1.456,1.087,0.465,1.484,0.723,-0.95,1,0
0.509,-0.845,1.099,-1.896,1.507,0.89,0.937,1.349,1.421,-1.286,1,0
0.834,-1.367,5.084,0.822,-0.022,-1.951,0.815,0.397,1.75,0.052,1,0
-1.309,-0.507,-3.757,-2.906,1.41,2.303,-0.559,1.485,-1.053,-0.532,1,0
1.131,3.021,-5.252,-1.106,0.731,3.271,0.729,-0.952,0.012,-1.958,1,0
2.792,-2.22,9.049,-0.801,1.866,-1.509,2.999,1.747,5.074,-2.172,1,0
0.31,-0.052,-1.907,-3.048,2.056,2.57,0.841,1.453,0.884,-1.902,1,0
-1.572,-1.185,3.027,3.993,-2.972,-4.226,-1.945,-1.357,-2.03,3.575,1,0
-0.371,-2.187,1.737,-2.6,1.796,0.532,0.493,2.289,1.083,-0.79,1,0
1.677,5.085,-6.524,1.364,-0.9,2.728,0.436,-3.104,-0.75,-1.35,1,0
-2.435,-1.915,-1.581,-1.432,0.234,0.027,-1.609,1.439,-1.998,1.358,1,0
-1.286,-2.399,0.42,-2.727,1.556,0.599,-0.269,2.379,-0.008,-0.138,1,0
-1.133,1.51,-2.301,3.467,-2.829,-1.628,-1.889,-2.467,-2.85,2.51,1,0
1.366,1.618,0.084,1.207,-0.459,0.077,0.743,-1.272,0.764,-0.63,1,0
3.423,3.351,-1.163,-0.353,1.084,2.561,2.589,-1.274,2.79,-3.321,1,0
-1.423,-2.281,1.887,-0.407,0.018,-1.308,-0.833,1.241,-0.591,1.222,1,0
1.694,-0.452,6.726,3.205,-1.325,-3.402,1.003,-1.096,2.052,0.566,1,0
1.96,2.505,-0.302,1.691,-0.657,0.295,1.043,-1.901,1,-0.956,1,0
-0.449,0.422,-4.908,-3.795,2.178,3.715,0.223,1.489,-0.283,-1.821,1,0
-0.017,-0.3,1.648,1.24,-0.753,-1.323,-0.194,-0.417,-0.038,0.745,1,0
0.058,1.841,-1.462,2.734,-1.955,-0.887,-0.742,-2.2,-1.331,1.157,1,0
0.701,1.379,-1.669,-0.039,0.109,1.061,0.413,-0.633,0.185,-0.776,1,0
1.833,-1.051,5.019,-0.605,1.222,-0.589,1.919,0.974,3.12,-1.537,1,0
0.012,-1.633,4.132,0.792,-0.281,-2.026,0.128,0.478,0.8,0.697,1,0
-0.202,-1.617,4.765,2.041,-1.156,-3.071,-0.294,-0.122,0.324,1.543,1,0
-2.186,0.339,-5.575,-1.072,-0.199,1.52,-1.814,0.133,-2.958,0.997,1,0
-1.611,-5.165,4.665,-3.904,2.545,-0.589,0.1,4.317,1.25,-0.084,1,0
-0.149,0.431,-0.202,1.155,-0.846,-0.634,-0.413,-0.765,-0.604,0.677,1,0
-0.466,-2.454,1.501,-3.341,2.265,0.973,0.586,2.759,1.209,-1.082,1,0
-0.446,-3.085,4.948,-0.878,0.795,-1.692,0.255,1.954,1.227,0.363,1,0
-0.361,-1.824,2.336,-1.007,0.742,-0.561,0.153,1.371,0.665,0.019,1,0
0.119,3.248,-1.445,6.13,-4.27,-2.706,-1.533,-4.479,-2.515,2.747,1,0
-1.964,-1.401,-1.866,-1.494,0.384,0.435,-1.26,1.241,-1.643,0.886,1,0
2,3.019,-0.112,3.108,-1.608,-0.526,0.738,-2.813,0.567,-0.292,1,0
-0.621,-0.11,-1.989,-1.298,0.601,1.129,-0.301,0.601,-0.583,-0.23,1,0
0.325,0.247,3.244,3.759,-2.291,-3.12,-0.435,-1.827,-0.245,1.784,1,0
0.302,-1.31,4.498,1.412,-0.606,-2.343,0.222,0.051,0.92,0.767,1,0
3.198,1.957,0.836,-0.979,1.58,2.001,2.726,-0.287,3.346,-3.266,1,0
0.212,-1.388,4.009,0.83,-0.261,-1.887,0.261,0.351,0.928,0.527,1,0
-0.557,-0.034,1.425,2.793,-1.977,-2.383,-1.003,-1.313,-1.131,1.962,1,0
0.388,0.425,4.728,5.822,-3.598,-4.781,-0.783,-2.861,-0.557,2.842,1,0
-0.309,-1.361,2.026,-0.333,0.274,-0.778,0.002,0.828,0.383,0.274,1,0
2.566,-1.114,4.949,-2.414,2.656,0.832,2.915,1.9,4.398,-3.073,1,0
-0.352,-0.573,1.789,1.441,-0.971,-1.675,-0.486,-0.397,-0.364,1.153,1,0
0.78,1.81,-3.597,-1.414,0.953,2.601,0.665,-0.217,0.253,-1.664,1,0
-0.265,-1.599,-1.661,-5.383,3.522,3.422,1.001,3.274,1.304,-2.499,1,0
0.191,0.951,-0.223,1.698,-1.129,-0.73,-0.291,-1.254,-0.513,0.634,1,0
0.962,-3.816,9.865,0.103,0.808,-3.342,1.453,1.999,3.372,-0.035,1,0
0.821,-0.076,0.742,-1.068,1,0.753,0.941,0.599,1.295,-1.192,1,0
-1.029,0.028,-1.244,0.801,-0.903,-0.53,-1.071,-0.469,-1.509,1.209,1,0
-0.939,1.451,-2.592,2.561,-2.173,-0.914,-1.54,-2.003,-2.426,1.875,1,0
1.294,0.465,2.068,0.836,-0.098,-0.531,0.93,-0.514,1.355,-0.589,1,0
2.008,3.122,0.05,3.54,-1.892,-0.819,0.65,-3.064,0.458,-0.077,1,0
0.036,-0.321,1.937,1.414,-0.84,-1.5,-0.174,-0.481,0.021,0.804,1,0
-0.661,-1.85,2.454,-0.293,0.179,-1.163,-0.241,1.031,0.175,0.642,1,0
-2.275,-2.304,1.766,1.217,-1.333,-2.622,-1.888,0.435,-1.954,2.761,1,0
0.017,1.315,-0.728,2.377,-1.674,-1.001,-0.629,-1.768,-1.044,1.078,1,0
-0.947,-1.725,3.804,2.228,-1.544,-3.217,-0.977,-0.215,-0.641,2.223,1,0
-1.219,-0.995,1.836,2.302,-1.792,-2.647,-1.351,-0.649,-1.418,2.348,1,0
-2.378,-0.613,1.665,5.532,-4.33,-4.986,-3.038,-2.427,-3.647,4.933,1,0
-0.066,1.31,-2.751,0.151,-0.294,0.948,-0.296,-0.749,-0.831,-0.084,1,0
0.453,0.376,0.322,0.35,-0.099,-0.061,0.281,-0.316,0.349,-0.21,1,0
-0.826,0.918,-3.398,0.037,-0.46,0.834,-0.893,-0.56,-1.617,0.49,1,0
2.728,3.606,-1.268,1.646,-0.482,1.126,1.562,-2.382,1.43,-1.74,1,0
0.337,1.308,-0.005,2.533,-1.65,-1.186,-0.371,-1.809,-0.635,0.925,1,0
0.478,-2.661,5.126,-1.59,1.543,-0.855,1.145,2.141,2.335,-0.795,1,0
-0.062,0.301,-1.482,-0.872,0.489,1.014,0.056,0.241,-0.122,-0.484,1,0
2.971,-0.07,4.143,-1.634,2.177,0.947,2.967,1.038,4.252,-3.12,1,0
0.457,1.135,-2.17,-0.717,0.477,1.487,0.357,-0.217,0.091,-0.925,1,0
-1.701,-0.678,3.669,6.29,-4.544,-5.796,-2.56,-2.684,-2.814,4.852,1,0
-0.993,-3.965,6.085,-0.555,0.499,-2.615,-0.152,2.212,0.932,1.097,1,0
-2.15,-1.56,-1.754,-1.363,0.251,0.217,-1.424,1.248,-1.822,1.123,1,0
0.568,0.755,-4.366,-4.501,2.968,4.459,1.209,1.727,0.997,-3.029,1,0
-1.032,1.051,-4.613,-0.632,-0.132,1.554,-0.976,-0.338,-1.867,0.254,1,0
0.964,1.309,-2.597,-1.874,1.381,2.566,0.994,0.268,0.841,-1.972,1,0
-0.981,-2.414,3.484,0.207,-0.185,-2.013,-0.528,1.065,-0.015,1.25,1,0
1.619,-0.243,2.621,-0.971,1.265,0.419,1.665,0.708,2.442,-1.711,1,0
1.104,-0.188,-0.087,-2.934,2.305,2.248,1.553,1.538,2.006,-2.413,1,0
-0.115,-0.816,-2.49,-4.732,3.063,3.475,0.892,2.584,0.98,-2.384,1,0
-0.127,4.304,-3.052,7.385,-5.299,-2.904,-2.151,-5.62,-3.607,3.449,1,0
-0.661,-0.175,-2.136,-1.549,0.753,1.3,-0.28,0.746,-0.564,-0.327,1,0
-0.857,-1.338,5.431,4.924,-3.269,-5.264,-1.45,-1.646,-1.123,3.575,1,0
0.154,-3.959,7.386,-1.457,1.507,-1.986,1.038,2.721,2.595,-0.263,1,0
-0.953,3.888,-6.054,4.567,-3.773,-0.67,-2.309,-4.181,-4.076,2.587,1,0
0.301,-1.086,4.497,1.969,-0.989,-2.646,0.084,-0.32,0.715,1.037,1,0
-0.061,-0.204,1.274,1.129,-0.711,-1.142,-0.227,-0.419,-0.132,0.7,1,0
-2.447,-2.557,-0.553,-1.787,0.539,-0.185,-1.453,1.931,-1.611,1.278,1,0
1.546,-2.17,7.296,-0.085,0.931,-1.916,1.747,1.287,3.276,-0.85,1,0
2.254,1.641,-1.147,-2.092,1.967,2.845,2.135,0.307,2.417,-3.116,1,0
-1.221,-2.954,3.383,-0.745,0.398,-1.591,-0.483,1.76,0.098,0.996,1,0
-1.587,0.94,-4.276,0.678,-1.159,0.4,-1.694,-0.93,-2.739,1.41,1,0
-0.894,-0.588,-0.114,0.313,-0.461,-0.627,-0.763,0.083,-0.919,0.941,1,0
0.754,-0.587,-0.746,-3.96,2.874,2.865,1.491,2.185,1.906,-2.649,1,0
-1.026,-1.137,2.722,2.584,-1.878,-3.036,-1.207,-0.688,-1.122,2.381,1,0
1.765,-0.879,2.223,-3.338,2.905,1.942,2.329,2.135,3.33,-3.018,1,0
0.698,1.449,-0.506,1.518,-0.888,-0.238,0.115,-1.385,-0.083,0.072,1,0
-2.023,-3.56,4.345,0.599,-0.678,-3.144,-1.348,1.387,-0.836,2.438,1,0
2.079,3.625,-0.974,3.432,-1.863,-0.323,0.652,-3.268,0.292,-0.273,1,0
0.599,1.529,-0.963,1.387,-0.853,-0.045,0.038,-1.374,-0.24,0.06,1,0
-0.004,-1.827,2.387,-1.72,1.331,0.008,0.603,1.73,1.249,-0.642,1,0
-3.261,-0.835,-7.817,-4.349,1.623,3.568,-1.99,2.152,-3.277,0.195,1,0
0.272,1.029,-1.869,-0.232,0.114,1.003,0.121,-0.4,-0.168,-0.502,1,0
-0.423,-0.309,4.15,5.044,-3.316,-4.589,-1.249,-2.194,-1.125,3.145,1,0
0.059,1.1,-3.384,-1.388,0.756,2.1,0.13,0.076,-0.325,-0.99,1,0
0.153,-1.996,2.386,-2.478,1.893,0.508,0.909,2.179,1.661,-1.149,1,0
0.138,2.048,-5.396,-1.577,0.78,3.027,0.083,-0.318,-0.713,-1.31,1,0
-0.602,0.093,2.829,4.865,-3.324,-4.079,-1.441,-2.334,-1.56,3.114,1,0
3.182,-0.529,6.482,-0.46,1.574,-0.481,3.015,0.753,4.617,-2.556,1,0
0.718,-0.409,5.015,3.376,-1.811,-3.378,0.092,-1.28,0.698,1.386,1,0
-0.84,-0.084,-2.817,-1.745,0.797,1.571,-0.419,0.774,-0.825,-0.316,1,0
-0.291,-1.763,3.238,0.06,0.085,-1.451,0.011,0.856,0.571,0.544,1,0
1.783,6.414,-8.999,1.52,-1.135,3.662,0.289,-3.85,-1.362,-1.564,1,0
-0.569,-0.826,-0.388,-1.3,0.717,0.539,-0.139,0.975,-0.119,-0.152,1,0
0.667,1.954,-3.404,-0.586,0.367,2.012,0.39,-0.68,-0.097,-1.147,1,0
0.884,-1.315,5.266,1.062,-0.161,-2.124,0.808,0.264,1.753,0.137,1,0
0.093,-2.035,3.698,-0.896,0.873,-0.895,0.573,1.468,1.374,-0.226,1,0
-1.193,-0.875,1.022,1.583,-1.341,-1.925,-1.216,-0.378,-1.345,1.912,1,0
2.447,3.652,-3.171,0.112,0.377,2.54,1.583,-1.725,1.25,-2.381,1,0
0.904,-1.008,3.143,-0.728,0.94,-0.316,1.103,0.93,1.87,-0.914,1,0
1.681,0.615,1.763,0.019,0.547,0.248,1.402,-0.183,1.91,-1.354,1,0
-1.084,-0.324,-0.207,1.268,-1.173,-1.216,-1.149,-0.507,-1.456,1.565,1,0
1.392,1.579,1.713,2.981,-1.568,-1.505,0.449,-2.065,0.564,0.333,1,0
-2.135,-1.069,-0.369,1.47,-1.603,-1.853,-2.007,-0.305,-2.482,2.59,1,0
-1.732,-0.63,-2.693,-1.048,0.088,0.644,-1.257,0.659,-1.82,0.829,1,0
-1.275,-2.524,-1.093,-4.853,2.924,2.348,0.15,3.421,0.384,-1.296,1,0
0.64,0.104,4.391,4.085,-2.359,-3.566,-0.19,-1.876,0.208,1.751,1,0
0.402,1.946,-5.183,-2.144,1.254,3.401,0.439,0.017,-0.222,-1.804,1,0
-0.576,-0.317,-1.06,-0.81,0.335,0.529,-0.317,0.486,-0.48,0.04,1,0
0.435,0.208,2.333,2.346,-1.348,-1.937,-0.072,-1.148,0.129,0.93,1,0
-0.035,-0.031,0.797,0.939,-0.604,-0.839,-0.198,-0.418,-0.165,0.548,1,0
-1.468,-1.066,-0.975,-0.668,0.006,-0.081,-1.02,0.732,-1.282,0.912,1,0
2.905,2.839,-4.319,-4.253,3.426,5.615,2.92,0.738,2.942,-4.993,1,0
-3.34,1.655,-12.14,-3.089,0.465,4.515,-2.69,0.285,-4.935,0.536,1,0
0.341,0.455,-1.695,-1.6,1.083,1.718,0.524,0.53,0.437,-1.212,1,0
-2.197,-5.65,8.026,0.119,-0.163,-4.408,-1.081,2.669,0.15,2.65,1,0
0.381,-0.385,4.653,3.731,-2.168,-3.62,-0.278,-1.484,0.182,1.831,1,0
1.024,1.006,0.471,0.872,-0.296,-0.083,0.596,-0.832,0.691,-0.456,1,0
-1.166,-0.558,-1.188,-0.3,-0.18,-0.03,-0.899,0.327,-1.21,0.803,1,0
0.093,-0.916,2.748,0.77,-0.331,-1.432,0.089,0.125,0.517,0.506,1,0
-1.046,-3.705,2.167,-4.428,2.899,0.981,0.466,3.854,1.279,-1.039,1,0
1.13,-0.195,-1.116,-4.224,3.133,3.363,1.813,2.136,2.231,-3.142,1,0
-0.361,-1.045,1.176,-0.441,0.28,-0.419,-0.075,0.71,0.155,0.202,1,0
2.023,1.75,-0.143,-0.138,0.626,1.264,1.554,-0.667,1.765,-1.885,1,0
2.686,2.825,-3.799,-3.203,2.679,4.72,2.534,0.244,2.505,-4.249,1,0
-0.357,-3.537,2.4,-5.21,3.635,1.702,1.198,4.185,2.222,-2.015,1,0
1.504,1.17,0.308,0.059,0.381,0.691,1.147,-0.502,1.362,-1.291,1,0
1.013,1.921,1.151,3.98,-2.391,-2.043,-0.128,-2.732,-0.277,1.112,1,0
1.013,3.508,-5.528,0.034,-0.101,2.693,0.338,-1.736,-0.579,-1.323,1,0
0.797,0.407,0.544,-0.047,0.28,0.261,0.656,-0.121,0.85,-0.692,1,0
-0.002,-0.349,-0.722,-1.719,1.135,1.213,0.368,0.969,0.438,-0.887,1,0
-0.246,3.411,-1.038,7.797,-5.487,-3.975,-2.189,-5.359,-3.333,3.912,1,0
0.574,-0.868,2.471,-0.468,0.631,-0.382,0.738,0.711,1.314,-0.546,1,0
-0.572,0.254,-5.582,-4.745,2.755,4.424,0.313,2.001,-0.219,-2.224,1,0
0.799,2.491,-6.157,-2.787,1.74,4.35,0.824,0.065,0.102,-2.546,1,0
0.707,-1.427,5.426,1.347,-0.395,-2.44,0.616,0.176,1.537,0.446,1,0
-0.794,-0.975,2.404,2.115,-1.513,-2.527,-0.94,-0.537,-0.833,1.922,1,0
-0.79,0.519,-1.816,0.837,-0.901,-0.194,-0.943,-0.719,-1.465,0.969,1,0
1.385,2.529,-4.724,-2.251,1.618,3.832,1.244,-0.151,0.789,-2.698,1,0
-0.569,-1.884,2.671,-0.316,0.233,-1.183,-0.15,1.067,0.32,0.565,1,0
-0.534,-0.145,1.469,2.518,-1.779,-2.238,-0.914,-1.127,-0.999,1.811,1,0
1.553,-0.825,4.311,-0.278,0.877,-0.65,1.572,0.684,2.573,-1.184,1,0
-1.878,-0.827,-0.604,1.244,-1.394,-1.495,-1.774,-0.305,-2.238,2.232,1,0
-0.444,-0.695,1.289,0.744,-0.549,-1.153,-0.422,-0.022,-0.32,0.858,1,0
0.557,0.703,-2.948,-2.928,1.974,3.047,0.92,1.03,0.782,-2.146,1,0
-0.574,2.28,-6.356,-0.611,-0.134,2.475,-0.767,-0.942,-1.934,-0.282,1,0
2.366,0.938,0.448,-2.199,2.171,2.348,2.368,0.727,2.97,-3.143,1,0
-1.776,-0.611,-2.025,-0.116,-0.522,-0.147,-1.47,0.218,-2.025,1.372,1,0
1.855,-0.655,1.97,-3.271,2.866,2.054,2.361,1.997,3.317,-3.086,1,0
-0.814,-2.821,0.909,-4.211,2.732,1.481,0.492,3.318,1.071,-1.239,1,0
1.215,0.788,-0.431,-1.147,1.085,1.472,1.17,0.224,1.359,-1.675,1,0
1.398,0.845,2.717,2.328,-1.055,-1.536,0.69,-1.387,1.069,0.091,1,0
-0.706,0.462,-0.723,1.807,-1.476,-1.098,-1.035,-1.128,-1.461,1.449,1,0
0.783,3.269,-4.625,1,-0.769,1.688,-0.006,-2.077,-0.895,-0.579,1,0
2.284,3.167,-6.093,-4.204,3.114,5.928,2.303,0.494,1.924,-4.554,1,0
0.177,-0.84,3.562,1.742,-0.925,-2.229,-0.025,-0.353,0.447,0.964,1,0
-2.521,-1.731,-0.636,0.33,-0.94,-1.346,-2.038,0.527,-2.47,2.363,1,0
1.241,1.762,0.552,2.387,-1.273,-0.817,0.392,-1.899,0.346,0.09,1,0
0.257,0.477,0.215,0.894,-0.532,-0.426,-0.01,-0.635,-0.048,0.22,1,0
-0.827,-2.85,2.533,-2.334,1.542,-0.177,0.143,2.47,0.798,-0.192,1,0
0.907,2.205,-1.812,1.408,-0.839,0.445,0.201,-1.706,-0.202,-0.271,1,0
-1.446,-0.597,4.647,7.105,-4.974,-6.476,-2.494,-3.079,-2.635,5.096,1,0
0.082,-1.699,3.953,0.268,0.087,-1.632,0.297,0.759,1.006,0.367,1,0
-0.846,-3.041,4.308,-0.67,0.506,-1.78,-0.147,1.802,0.638,0.77,1,0
-0.961,-2.729,3.944,-0.078,0.045,-2.026,-0.408,1.36,0.226,1.131,1,0
-2.6,1.746,-9.316,-1.106,-0.522,2.757,-2.404,-0.611,-4.281,1.056,1,0
0.418,2.855,-4.868,0.461,-0.512,1.871,-0.168,-1.647,-1.078,-0.533,1,0
1.823,2.578,-1.822,0.366,0.121,1.529,1.151,-1.342,0.969,-1.595,1,0
0.023,-2.255,3.668,-1.328,1.15,-0.687,0.624,1.773,1.463,-0.375,1,0
1.659,1.001,1.577,0.809,-0.013,-0.121,1.176,-0.747,1.553,-0.967,1,0
0.962,2.43,-0.577,3.313,-2.055,-1.039,-0.134,-2.692,-0.529,0.699,1,0
0.361,-0.739,2.665,0.539,-0.106,-1.124,0.343,0.163,0.812,0.147,1,0
-1.453,-1.766,0.077,-1.2,0.441,-0.191,-0.797,1.338,-0.799,0.723,1,0
-0.434,-0.923,0.275,-1.047,0.62,0.219,-0.049,0.92,0.078,-0.097,1,0
1.195,-1.391,1.792,-3.903,3.113,2.097,2.004,2.61,2.929,-2.816,1,0
2.335,1.197,0.611,-1.292,1.55,1.774,2.132,0.175,2.654,-2.664,1,0
1.063,1.392,-4.357,-3.961,2.73,4.439,1.45,1.193,1.23,-3.209,1,0
0.066,-0.675,-0.437,-2.339,1.597,1.478,0.594,1.428,0.798,-1.225,1,0
1.301,-0.102,3.563,1.176,-0.236,-1.292,0.966,-0.378,1.628,-0.314,1,0
-1.764,1.391,-5.761,0.427,-1.128,1.013,-1.879,-1.062,-3.189,1.331,1,0
2.22,0.394,3.267,0.096,0.733,-0.075,1.905,-0.059,2.741,-1.681,1,0
0.567,-0.572,3.73,1.773,-0.831,-2.093,0.275,-0.472,0.817,0.644,1,0
-0.005,-1.825,3.414,-0.499,0.556,-1.055,0.379,1.168,1.07,0.031,1,0
-0.063,0.409,2.007,3.53,-2.315,-2.733,-0.766,-1.838,-0.82,1.922,1,0
0.447,-0.075,-0.355,-1.563,1.171,1.238,0.697,0.794,0.865,-1.183,1,0
1.46,0.259,2.99,1.058,-0.148,-0.916,1.072,-0.496,1.659,-0.558,1,0
0.503,0.49,2.882,3.553,-2.124,-2.767,-0.276,-1.842,-0.11,1.496,1,0
0.746,-1.698,5.612,0.812,-0.005,-2.2,0.791,0.564,1.815,0.168,1,0
0.55,-2.618,4.77,-2.058,1.861,-0.422,1.287,2.34,2.474,-1.113,1,0
2.832,2.112,0.933,0.304,0.606,1.06,2.139,-0.988,2.585,-2.31,1,0
-1.405,-0.341,-0.422,1.658,-1.541,-1.525,-1.505,-0.705,-1.933,2.025,1,0
0.209,0.395,2.044,2.953,-1.844,-2.281,-0.415,-1.542,-0.364,1.403,1,0
-0.624,-3.087,4.657,-0.848,0.709,-1.694,0.091,1.926,0.985,0.513,1,0
0.481,0.173,2.936,2.875,-1.661,-2.432,-0.122,-1.369,0.133,1.192,1,0
1.821,1.981,-3.238,-2.792,2.201,3.794,1.821,0.417,1.752,-3.233,1,0
2.204,2.136,-1.122,-0.723,1.015,2.064,1.762,-0.581,1.881,-2.408,1,0
-1.066,-0.59,-1.719,-1.222,0.446,0.733,-0.636,0.775,-0.926,0.226,1,0
0.381,2.317,-3.576,0.727,-0.623,1.205,-0.163,-1.495,-0.87,-0.27,1,0
-0.283,1.457,-0.929,3.137,-2.289,-1.504,-1.059,-2.215,-1.635,1.699,1,0
-0.048,-0.465,2.246,1.602,-0.972,-1.769,-0.261,-0.501,-0.041,0.995,1,0
0.507,-0.521,1.225,-0.933,0.853,0.316,0.707,0.739,1.1,-0.808,1,0
-0.564,-1.496,0.937,-1.413,0.879,0.089,-0.007,1.372,0.273,-0.107,1,0
0.419,0.189,-0.647,-1.189,0.888,1.132,0.561,0.484,0.628,-1,1,0
-1.028,1.357,-1.35,3.983,-3.096,-2.218,-1.863,-2.616,-2.698,2.74,1,0
-2.293,0.729,-3.167,2.976,-2.856,-1.675,-2.711,-1.936,-3.901,3.241,1,0
0.138,-1.089,1.438,-1.309,1.027,0.231,0.537,1.174,0.974,-0.644,1,0
2.067,1.765,0.532,0.603,0.172,0.624,1.456,-1.011,1.709,-1.514,1,0
3.451,3.513,1.006,2.557,-0.771,0.153,2.057,-2.692,2.317,-1.767,1,0
-2.683,-0.218,-1.599,3.306,-3.089,-2.681,-2.968,-1.634,-3.95,3.872,1,0
-1.628,-1.549,3.143,3.343,-2.533,-3.949,-1.818,-0.876,-1.81,3.319,1,0
1.122,-1.368,4.597,-0.371,0.844,-0.952,1.29,0.969,2.308,-0.821,1,0
0.287,1.127,-3.272,-1.676,1.021,2.34,0.382,0.214,0.006,-1.324,1,0
1.407,-0.774,1.589,-3.06,2.578,1.836,1.941,1.923,2.752,-2.613,1,0
0.527,-0.98,1.526,-1.766,1.45,0.664,0.951,1.361,1.501,-1.206,1,0
0.244,1.459,-7.66,-5.946,3.667,6.34,1.069,2.001,0.384,-3.697,1,0
1.078,2.949,-5.239,-1.156,0.752,3.264,0.703,-0.896,-0.012,-1.934,1,0
-0.626,2.644,-6.761,-0.069,-0.546,2.308,-0.971,-1.383,-2.283,-0.005,1,0
2.1,3.134,-2.445,0.422,0.117,1.895,1.299,-1.63,1.026,-1.864,1,0
-0.917,-0.817,-0.5,-0.665,0.18,0.041,-0.568,0.649,-0.682,0.458,1,0
0.598,-1.89,3.018,-2.42,2.012,0.48,1.279,2.136,2.19,-1.468,1,0
-1.633,-1.954,-3.83,-5.906,3.379,3.781,-0.07,3.582,-0.257,-1.7,1,0
3.56,2.779,-1.368,-2.314,2.455,3.784,3.162,-0.067,3.572,-4.409,1,0
1.15,2.747,-3.988,-0.336,0.287,2.374,0.65,-1.163,0.077,-1.503,1,0
2.981,2.367,0.692,0.336,0.609,1.22,2.226,-1.121,2.64,-2.447,1,0
-0.957,-1.68,3.115,1.549,-1.123,-2.586,-0.869,0.073,-0.581,1.849,1,0
0.866,0.47,-0.511,-1.287,1.084,1.384,0.935,0.423,1.087,-1.437,1,0
0.827,-0.383,2.392,0.106,0.299,-0.522,0.782,0.218,1.302,-0.5,1,0
-0.33,-2.186,5.543,1.817,-0.987,-3.322,-0.276,0.263,0.498,1.609,1,0
-1.605,-2.782,3.377,0.5,-0.559,-2.48,-1.081,1.067,-0.691,1.941,1,0
-0.294,0.443,1.742,3.793,-2.574,-2.903,-1.026,-1.995,-1.186,2.236,1,0
-2.497,-0.354,-3.811,-0.047,-0.875,0.104,-2.168,-0.007,-3.141,1.909,1,0
1.767,-1.075,1.526,-4.655,3.766,2.929,2.602,2.842,3.63,-3.712,1,0
1.841,0.735,3.51,2.042,-0.69,-1.44,1.157,-1.161,1.765,-0.381,1,0
-0.802,-0.716,1.643,1.875,-1.399,-2.106,-0.944,-0.56,-0.95,1.753,1,0
1.552,1.369,-2.023,-2.303,1.869,2.906,1.589,0.484,1.657,-2.66,1,0
2.729,5.027,-7.46,-2.14,1.729,5.585,2.026,-1.375,1.197,-4.06,1,0
0.022,-1.025,5.36,3.739,-2.224,-4.099,-0.498,-1.188,0.053,2.211,1,0
-0.95,-4.381,3.7,-4.506,3.075,0.484,0.675,4.246,1.791,-1.042,1,0
1.657,1.398,-1.304,-1.605,1.463,2.307,1.551,0.158,1.681,-2.359,1,0
-2.417,-3.72,1.936,-1.807,0.717,-1.123,-1.236,2.541,-0.928,1.437,1,0
-0.492,-0.978,-4.539,-6.753,4.221,5.156,0.948,3.564,0.856,-3.185,1,0
0.002,1.369,-4.251,-1.623,0.847,2.532,0.078,0.041,-0.516,-1.121,1,0
1.625,2.131,-3.667,-2.505,1.924,3.694,1.569,0.191,1.365,-2.952,1,0
-2.486,-1.614,1.255,2.784,-2.497,-3.394,-2.473,-0.658,-2.843,3.667,1,0
-0.366,0.211,1.48,3.059,-2.105,-2.442,-0.919,-1.545,-1.048,1.923,1,0
1.412,0.807,4.695,4.543,-2.448,-3.5,0.305,-2.383,0.789,1.306,1,0
1.594,0.62,2.52,1.113,-0.18,-0.689,1.124,-0.696,1.632,-0.688,1,0
0.614,-0.536,0.198,-2.415,1.835,1.581,1.076,1.437,1.466,-1.702,1,0
0.386,1.54,-3.171,-0.741,0.413,1.849,0.234,-0.42,-0.223,-0.953,1,0
2.271,-0.954,3.922,-2.596,2.637,1.163,2.658,1.876,3.94,-2.977,1,0
0.865,0.233,1.672,0.707,-0.149,-0.548,0.608,-0.372,0.928,-0.3,1,0
0.263,2.28,-3.929,0.468,-0.499,1.416,-0.215,-1.367,-0.969,-0.317,1,0
-0.485,-0.359,0.445,0.671,-0.562,-0.809,-0.499,-0.165,-0.549,0.793,1,0
0.561,2.076,-3.358,0,-0.062,1.616,0.169,-1.022,-0.391,-0.765,1,0
-1.67,-1.76,-2.073,-3.263,1.664,1.642,-0.617,2.264,-0.796,-0.25,1,0
-0.911,0.385,-5.032,-3.041,1.528,3.094,-0.322,1.122,-0.992,-1.053,1,0
-0.864,-2.201,3.284,0.249,-0.195,-1.893,-0.465,0.946,0.019,1.15,1,0
-0.434,0.048,-2.417,-1.811,0.976,1.678,-0.066,0.771,-0.345,-0.678,1,0
1.057,-3.202,4.532,-4.879,3.92,1.488,2.349,3.98,3.882,-2.95,1,0
-0.398,-0.679,2.045,1.578,-1.062,-1.874,-0.535,-0.409,-0.387,1.28,1,0
-0.443,2.087,-0.211,5.899,-4.184,-3.374,-1.807,-3.823,-2.595,3.235,1,0
1.619,-1.323,1.622,-4.841,3.86,2.91,2.543,3.042,3.595,-3.662,1,0
-0.317,-3.977,6.269,-1.815,1.557,-1.622,0.685,2.855,2.026,-0.103,1,0
0.85,1.205,-1.032,-0.039,0.189,0.898,0.574,-0.531,0.481,-0.859,1,0
0.083,2.192,-0.481,4.716,-3.248,-2.332,-1.138,-3.289,-1.777,2.171,1,0
-2.846,0.596,-6.302,0.122,-1.241,0.783,-2.664,-0.604,-4.156,2.107,1,0
-1.625,-1.627,-0.137,-0.737,0.063,-0.457,-1.058,1.039,-1.174,1.084,1,0
-1.773,-1.634,5.626,6.377,-4.5,-6.642,-2.487,-2.238,-2.396,5.112,1,0
-1.034,-2.041,3.309,1.042,-0.783,-2.429,-0.788,0.485,-0.412,1.688,1,0
2.101,1.459,-3.314,-4.783,3.638,5.063,2.518,1.624,2.702,-4.452,1,0
-0.953,0.319,-2.975,-0.685,0.028,0.992,-0.779,0.07,-1.353,0.287,1,0
-0.135,2.121,-1.434,3.88,-2.791,-1.629,-1.169,-2.886,-1.91,1.886,1,0
4.694,2.44,0.621,-3.231,3.513,4.147,4.397,0.625,5.409,-5.709,1,0
-1.196,-0.648,0.234,1.22,-1.143,-1.424,-1.188,-0.328,-1.42,1.677,1,0
-1.847,-2.755,2.869,0.482,-0.644,-2.409,-1.299,1.041,-1.027,2.109,1,0
1.131,-2.022,2.804,-4.142,3.324,1.799,2.092,3.04,3.226,-2.795,1,0
-0.438,1.787,-2.197,2.792,-2.173,-0.912,-1.188,-2.24,-1.973,1.57,1,0
0.976,1.663,0.334,2.449,-1.401,-0.915,0.16,-1.899,0.038,0.34,1,0
0.988,0.049,2.935,1.48,-0.567,-1.389,0.606,-0.621,1.082,0.064,1,0
0.785,-1.374,7.002,3.18,-1.533,-4.004,0.343,-0.687,1.347,1.387,1,0
1.458,1.507,1.307,2.181,-1.026,-0.875,0.665,-1.655,0.807,-0.145,1,0
-1.978,-2.874,2.095,-0.451,-0.087,-1.676,-1.226,1.52,-1.001,1.713,1,0
0.114,2.811,-4.602,1.317,-1.164,1.132,-0.589,-2.043,-1.584,0.174,1,0
-0.511,-0.858,2.529,1.947,-1.314,-2.325,-0.674,-0.496,-0.493,1.597,1,0
0.821,1.342,0.722,2.441,-1.412,-1.147,0.074,-1.743,0.008,0.504,1,0
-2.812,0.836,-6.826,0.028,-1.201,1.056,-2.655,-0.681,-4.229,1.99,1,0
0.907,0.363,1.21,0.394,0.048,-0.175,0.682,-0.291,0.958,-0.525,1,0
0.544,1.714,-7.083,-5.273,3.321,5.918,1.174,1.586,0.548,-3.594,1,0
-1.813,1.281,-4.425,1.837,-2.025,-0.299,-2.162,-1.657,-3.397,2.161,1,0
-1.016,1.584,-6.655,-1.753,0.514,2.965,-0.842,-0.096,-1.977,-0.464,1,0
-0.956,0.182,-3.098,-1.166,0.351,1.3,-0.671,0.361,-1.21,0.046,1,0
-1.498,-3.242,5.697,1.868,-1.324,-4.064,-1.161,0.685,-0.492,2.689,1,0
1.166,0.637,1.778,1.195,-0.398,-0.686,0.723,-0.779,1.038,-0.324,1,0
-1.94,-3.087,3.786,0.94,-0.925,-3.066,-1.412,0.994,-1.035,2.486,1,0
0.421,1.711,-3.012,-0.201,0.061,1.513,0.139,-0.753,-0.349,-0.71,1,0
0.454,-1.349,3.851,0.224,0.21,-1.361,0.581,0.63,1.317,0.005,1,0
-3.574,-4.225,5.041,3.084,-2.755,-5.634,-3.082,0.457,-2.905,5.081,1,0
-0.384,-1.937,3.869,0.57,-0.25,-2.025,-0.136,0.703,0.47,0.922,1,0
-0.584,0.657,-1.636,0.951,-0.913,-0.21,-0.801,-0.825,-1.28,0.854,1,0
-0.892,-4.407,3.873,-4.489,3.089,0.439,0.727,4.256,1.879,-1.071,1,0
0.604,0.925,-2.76,-2.253,1.535,2.634,0.803,0.61,0.625,-1.847,1,0
-0.75,-0.538,1.37,1.884,-1.408,-1.976,-0.928,-0.652,-0.98,1.69,1,0
2.666,3.081,-5.926,-5.041,3.801,6.533,2.811,0.955,2.604,-5.287,1,0
-2.152,2.008,-7.83,0.344,-1.305,1.643,-2.31,-1.374,-4.035,1.475,1,0
1.307,0.494,2.671,1.594,-0.577,-1.17,0.799,-0.876,1.247,-0.187,1,0
0.635,0.728,-0.257,0.15,0.051,0.374,0.424,-0.39,0.428,-0.515,1,0
-1.276,3.005,-5.842,3.308,-2.981,-0.248,-2.227,-3.175,-3.84,2.283,1,0
0.635,2.243,-4.857,-1.516,0.905,3.064,0.485,-0.405,-0.164,-1.683,1,0
-1.993,-1.356,0.969,2.034,-1.869,-2.599,-1.937,-0.405,-2.217,2.841,1,0
-1.478,0.884,-6.115,-1.869,0.503,2.559,-1.123,0.278,-2.194,-0.064,1,0
0.812,0.128,0.96,-0.283,0.472,0.237,0.757,0.133,1.057,-0.787,1,0
-0.3,1.191,-1.806,1.475,-1.207,-0.27,-0.729,-1.317,-1.271,0.841,1,0
0.154,-1.857,2.636,-1.838,1.47,0.064,0.771,1.814,1.494,-0.82,1,0
-1.284,-0.923,3.203,4.236,-3.051,-4.265,-1.773,-1.579,-1.824,3.449,1,0
1.329,1.397,-1.57,-1.221,1.095,2.018,1.188,-0.046,1.188,-1.902,1,0
1.317,0.347,1.963,0.368,0.223,-0.223,1.055,-0.237,1.519,-0.844,1,0
-0.12,0.273,2.003,3.306,-2.177,-2.642,-0.755,-1.67,-0.79,1.865,1,0
-1.053,-0.681,-1.041,-0.675,0.117,0.181,-0.71,0.572,-0.937,0.532,1,0
0.189,0.984,-6.847,-6.052,3.776,6.052,1.116,2.29,0.587,-3.636,1,0
2.02,4.251,-5.665,-0.434,0.481,3.565,1.205,-1.819,0.429,-2.46,1,0
1.59,2.576,-4.044,-1.768,1.385,3.42,1.332,-0.38,0.967,-2.594,1,0
-0.169,-2.545,3.254,-2.129,1.622,-0.199,0.645,2.274,1.481,-0.624,1,0
-0.456,-0.412,-1.657,-2.01,1.155,1.48,0.025,1.097,-0.093,-0.696,1,0
2.341,-0.189,3.317,-1.556,1.903,0.871,2.408,1.01,3.462,-2.584,1,0
-1.589,-1.529,-0.764,-1.313,0.429,0.12,-0.936,1.256,-1.096,0.724,1,0
-0.179,2.047,-3.55,1.286,-1.155,0.577,-0.723,-1.66,-1.552,0.504,1,0
1.769,-0.821,2.52,-2.85,2.589,1.563,2.234,1.881,3.231,-2.762,1,0
-0.333,-3.07,3.7,-2.559,1.902,-0.229,0.661,2.729,1.614,-0.651,1,0
0.728,-0.723,2.949,0.13,0.291,-0.806,0.743,0.374,1.353,-0.356,1,0
1.552,-0.319,-0.673,-4.912,3.746,3.801,2.335,2.552,2.963,-3.817,1,0
-0.701,-1.097,-2.633,-4.35,2.635,2.993,0.343,2.504,0.295,-1.686,1,0
-2.1,-2.857,2.375,0.184,-0.538,-2.197,-1.454,1.209,-1.265,2.151,1,0
1.57,1.778,1.206,2.496,-1.219,-0.945,0.664,-1.93,0.763,-0.1,1,0
0.023,-0.769,5.484,4.522,-2.755,-4.573,-0.681,-1.68,-0.201,2.599,1,0
-2.092,-2.424,0.628,-0.821,0.045,-0.969,-1.333,1.449,-1.347,1.521,1,0
0.148,0.101,-1.094,-1.36,0.905,1.247,0.364,0.586,0.34,-0.877,1,0
-0.578,-3.681,7.213,0.598,-0.111,-3.446,-0.036,1.572,1.165,1.372,1,0
1.251,0.836,0.612,0.13,0.283,0.393,0.961,-0.385,1.196,-1.007,1,0
-0.217,-1.937,2.005,-1.991,1.436,0.184,0.48,1.894,1.064,-0.613,1,0
0.84,-1.92,5.818,0.3,0.385,-1.949,1.004,0.922,2.137,-0.148,1,0
1.324,3.904,-4.999,0.979,-0.634,2.148,0.38,-2.348,-0.517,-1.101,1,0
-0.095,0.54,-1.285,0.03,-0.127,0.428,-0.178,-0.3,-0.43,-0.001,1,0
1.86,2.542,-2.453,-0.548,0.718,2.291,1.356,-0.9,1.17,-2.119,1,0
0.32,1.484,-0.804,2.063,-1.382,-0.631,-0.328,-1.685,-0.687,0.65,1,0
0.62,0.897,-4.771,-4.736,3.118,4.772,1.275,1.766,1.021,-3.22,1,0
-0.18,0.027,1.183,1.851,-1.245,-1.566,-0.503,-0.879,-0.524,1.15,1,0
0.187,0.836,-2.177,-0.892,0.526,1.434,0.196,-0.005,-0.081,-0.77,1,0
-0.084,-1.289,-0.414,-3.521,2.37,2.028,0.774,2.274,1.106,-1.661,1,0
0.405,1.124,-0.541,1.294,-0.815,-0.267,-0.054,-1.139,-0.263,0.222,1,0
-1.489,-1.862,1.976,0.885,-0.881,-2.082,-1.195,0.426,-1.097,1.914,1,0
-0.166,-0.9,1.723,0.151,-0.039,-0.843,-0.032,0.38,0.251,0.357,1,0
2.218,2.564,-3.197,-2.14,1.861,3.646,1.963,-0.15,1.868,-3.268,1,0
-0.131,1.963,-3.317,1.249,-1.102,0.533,-0.66,-1.596,-1.437,0.462,1,0
0.444,1.313,-3.173,-1.434,0.904,2.259,0.449,0.021,0.08,-1.34,1,0
-1.278,-2.403,1.344,-1.663,0.886,-0.333,-0.455,1.894,-0.148,0.443,1,0
-0.715,1.393,-1.772,2.905,-2.298,-1.293,-1.393,-2.112,-2.144,1.906,1,0
1.238,0.594,-1.658,-3.13,2.377,3.039,1.584,1.237,1.783,-2.752,1,0
0.157,-2.022,5.308,0.906,-0.246,-2.463,0.299,0.638,1.191,0.715,1,0
-2.663,-1.671,-1.924,-0.74,-0.324,-0.344,-1.979,0.975,-2.538,1.87,1,0
0.25,-0.607,-1.311,-3.6,2.457,2.606,0.978,1.988,1.19,-2.069,1,0
1.546,0.192,2.423,0.036,0.541,-0.093,1.346,0.015,1.959,-1.174,1,0
-0.787,-3.114,3.112,-2.391,1.628,-0.348,0.231,2.635,1.005,-0.21,1,0
0.249,3.482,-1.494,6.377,-4.408,-2.749,-1.499,-4.702,-2.505,2.747,1,0
-1.299,-3.023,2.621,-1.651,0.952,-0.846,-0.376,2.205,0.163,0.567,1,0
-0.846,0.004,-4.808,-3.868,2.128,3.493,-0.052,1.703,-0.575,-1.494,1,0
3.272,1.768,1.847,-0.413,1.274,1.342,2.719,-0.444,3.467,-2.978,1,0
-0.097,0.735,-0.393,1.575,-1.132,-0.758,-0.492,-1.11,-0.762,0.818,1,0
-0.694,0.09,1.233,3.168,-2.284,-2.59,-1.214,-1.56,-1.437,2.251,1,0
0.295,3.177,-3.413,3.247,-2.367,-0.277,-0.838,-3.103,-1.823,1.04,1,0
0.663,-2.111,5.011,-0.751,1.009,-1.163,1.069,1.488,2.158,-0.563,1,0
0.807,-1.485,4.969,0.449,0.22,-1.719,0.878,0.627,1.833,-0.114,1,0
-1.799,-2.034,0.878,-0.18,-0.302,-1.251,-1.25,0.978,-1.263,1.589,1,0
1.302,2.12,-1.793,0.377,-0.024,1.22,0.756,-1.155,0.521,-1.121,1,0
1.392,-0.073,0.25,-2.865,2.356,2.241,1.78,1.472,2.318,-2.611,1,0
0.893,-0.921,3.891,0.397,0.211,-1.224,0.874,0.367,1.645,-0.301,1,0
1.174,1.284,3.189,4.459,-2.548,-3.003,0.031,-2.61,0.22,1.359,1,0
-1.824,-0.942,-0.176,1.347,-1.423,-1.686,-1.726,-0.288,-2.118,2.267,1,0
2.22,1.031,0.66,-1.402,1.598,1.75,2.077,0.301,2.608,-2.61,1,0
-1.544,0.541,-2.301,1.929,-1.882,-1.021,-1.819,-1.295,-2.643,2.132,1,0
2.418,3.286,-1.016,1.811,-0.662,0.765,1.306,-2.32,1.167,-1.364,1,0
-0.646,-0.878,3.771,3.656,-2.446,-3.812,-1.104,-1.282,-0.91,2.643,1,0
1.88,-0.283,4.419,0.5,0.437,-0.932,1.636,0.075,2.6,-1.091,1,0
1.578,0.342,1.723,-0.487,0.865,0.481,1.446,0.181,1.995,-1.51,1,0
-1.343,-1.742,-0.81,-2.423,1.255,0.879,-0.48,1.897,-0.489,-0.036,1,0
0.253,-1.43,-0.667,-4.894,3.387,3.062,1.349,3.006,1.834,-2.647,1,0
0.743,0.269,0.958,0.213,0.113,-0.071,0.583,-0.173,0.816,-0.486,1,0
0.582,0.668,-2.902,-3.014,2.043,3.09,0.964,1.09,0.848,-2.207,1,0
-0.585,0.056,-0.592,0.69,-0.668,-0.473,-0.658,-0.395,-0.913,0.81,1,0
-0.359,0.957,-3.287,-0.736,0.202,1.474,-0.34,-0.185,-0.901,-0.293,1,0
-1.212,1.402,-2.102,3.601,-2.93,-1.822,-1.966,-2.479,-2.915,2.661,1,0
-0.211,-1.292,1.082,-1.486,1.032,0.27,0.289,1.33,0.643,-0.445,1,0
-0.323,-1.189,1.797,-0.146,0.127,-0.799,-0.072,0.652,0.243,0.359,1,0
-0.797,-0.243,1.505,2.88,-2.097,-2.596,-1.199,-1.266,-1.35,2.224,1,0
-0.662,2.253,-4.438,1.779,-1.679,0.382,-1.278,-2.033,-2.382,1.104,1,0
1.805,2.633,-1.906,0.444,0.057,1.509,1.111,-1.408,0.903,-1.547,1,0
0.156,-1.925,3.306,-1.22,1.088,-0.531,0.671,1.565,1.445,-0.471,1,0
-1.16,-2.873,3.554,-0.471,0.237,-1.772,-0.492,1.598,0.095,1.088,1,0
1.019,1.021,-0.985,-0.801,0.761,1.389,0.894,-0.072,0.918,-1.375,1,0
-0.788,2.408,-5.338,1.372,-1.489,0.882,-1.341,-1.937,-2.578,0.949,1,0
-1.221,-0.513,-1.444,-0.372,-0.162,0.078,-0.942,0.332,-1.299,0.797,1,0
1.544,-0.748,1.243,-3.697,3.03,2.393,2.175,2.214,3.013,-3.071,1,0
1.843,0.219,-2.719,-6.617,4.866,5.685,2.821,3.083,3.305,-5.063,1,0
-0.893,-1.818,3.396,1.4,-0.986,-2.578,-0.763,0.217,-0.398,1.742,1,0
-0.893,0.312,-5.074,-3.314,1.718,3.269,-0.244,1.286,-0.888,-1.204,1,0
2.825,-0.233,5.073,-0.626,1.504,-0.043,2.679,0.646,4.001,-2.429,1,0
-0.072,5.072,-8.63,2.583,-2.337,1.902,-1.348,-3.805,-3.26,0.637,1,0
1.627,3.657,-4.954,-0.229,0.28,2.957,0.911,-1.64,0.199,-1.953,1,0
1.46,0.051,4.147,1.909,-0.66,-1.828,0.95,-0.78,1.65,-0.055,1,0
-1.392,-1.431,-1.493,-2.354,1.151,1.079,-0.586,1.701,-0.735,-0.013,1,0
0.709,2.261,-3.001,0.566,-0.388,1.254,0.169,-1.364,-0.376,-0.596,1,0
-3.408,-1.623,-3.779,-1.221,-0.31,0.219,-2.566,1.109,-3.492,2.157,1,0
0.044,-0.381,1.158,0.327,-0.14,-0.603,0.041,0.049,0.221,0.21,1,0
-1.937,-1.561,0.278,0.584,-0.901,-1.511,-1.589,0.372,-1.819,2.035,1,0
-0.075,1.893,-3.808,0.371,-0.515,1.233,-0.438,-1.151,-1.195,-0.052,1,0
0.274,1.697,-1.466,1.908,-1.33,-0.316,-0.375,-1.727,-0.843,0.564,1,0
0.489,2.301,-2.66,1.541,-1.095,0.467,-0.213,-1.852,-0.834,0.1,1,0
-0.52,0.223,-0.842,0.673,-0.654,-0.331,-0.624,-0.468,-0.916,0.724,1,0
-0.819,0.541,-2.115,0.6,-0.764,0.035,-0.929,-0.623,-1.481,0.856,1,0
0.543,1.447,-2.929,-1.021,0.662,1.995,0.44,-0.23,0.078,-1.209,1,0
0.521,-2.026,10.957,6.798,-3.839,-7.653,-0.449,-2.035,0.829,3.684,1,0
-1.208,-0.922,-1.611,-1.617,0.686,0.827,-0.638,1.115,-0.876,0.17,1,0
-0.519,1.861,-5.448,-0.699,-0.002,2.202,-0.635,-0.681,-1.617,-0.302,1,0
-0.579,-1.119,1.358,0.057,-0.108,-0.882,-0.349,0.501,-0.168,0.651,1,0
-1.098,-1.005,-2.971,-3.671,2.041,2.533,-0.151,2.111,-0.385,-1.029,1,0
-0.985,-2.404,1.451,-2.166,1.316,0.063,-0.101,2.15,0.317,-0.054,1,0
-0.509,-2.662,3.543,-1.35,1.015,-0.925,0.217,1.948,0.978,0.08,1,0
-0.297,0.049,0.673,1.553,-1.104,-1.271,-0.557,-0.764,-0.649,1.069,1,0
-0.417,-0.328,2.664,3.228,-2.161,-3.022,-0.909,-1.35,-0.845,2.144,1,0
1.516,-1.124,5.606,0.588,0.354,-1.644,1.429,0.437,2.562,-0.63,1,0
2.261,0.187,3.786,0.108,0.768,-0.26,1.972,0.045,2.907,-1.67,1,0
1.334,1.714,-0.544,0.773,-0.209,0.538,0.777,-1.125,0.73,-0.86,1,0
-0.237,-0.962,-0.71,-2.731,1.768,1.628,0.441,1.73,0.607,-1.166,1,0
-1.431,-0.021,-6.399,-4.561,2.347,4.16,-0.444,1.985,-1.244,-1.431,1,0
1.284,-0.991,4.704,0.349,0.399,-1.295,1.243,0.458,2.213,-0.609,1,0
-0.983,-2.993,3.327,-1.419,0.922,-1.069,-0.14,2.11,0.537,0.452,1,0
-0.107,-2.67,3.112,-2.742,2.051,0.224,0.832,2.625,1.722,-0.987,1,0
0.777,0.353,0.621,-0.048,0.28,0.221,0.647,-0.094,0.853,-0.669,1,0
-1.715,-2.704,-0.102,-3.187,1.725,0.811,-0.519,2.712,-0.347,-0.018,1,0
1.073,2.178,-2.073,0.679,-0.31,1.036,0.487,-1.343,0.14,-0.793,1,0
0.249,-1.883,0.111,-5.093,3.571,2.866,1.454,3.33,2.106,-2.678,1,0
2.123,0.353,2.372,-0.859,1.307,0.737,2,0.392,2.773,-2.127,1,0
0.002,1.133,-3.129,-0.882,0.409,1.694,-0.019,-0.178,-0.494,-0.674,1,0
-1.016,-1.121,0.121,-0.474,0.062,-0.359,-0.643,0.709,-0.675,0.688,1,0
0.041,0.623,-2.529,-1.526,0.9,1.833,0.215,0.384,-0.067,-0.974,1,0
0.464,-0.547,1.415,-0.681,0.681,0.081,0.626,0.634,1.02,-0.633,1,0
-0.124,1.23,-4.672,-2.199,1.183,2.938,0.093,0.366,-0.524,-1.32,1,0
-0.925,-1.332,4.705,4.228,-2.855,-4.642,-1.385,-1.335,-1.117,3.242,1,0
0.469,-0.146,2.486,1.572,-0.798,-1.556,0.156,-0.607,0.481,0.537,1,0
-0.49,-1.33,5.351,4.065,-2.586,-4.559,-0.967,-1.224,-0.512,2.825,1,0
0.124,-0.202,3.748,3.665,-2.248,-3.377,-0.526,-1.57,-0.253,1.958,1,0
0.714,1.242,-1.117,0.246,-0.049,0.7,0.394,-0.692,0.236,-0.606,1,0
0.6,-0.672,1.561,-1.111,1.022,0.335,0.847,0.907,1.333,-0.951,1,0
2.788,1.573,1.145,-0.695,1.294,1.496,2.369,-0.255,2.968,-2.738,1,0
-0.545,-2.205,3.651,-0.008,0.09,-1.717,-0.133,1.093,0.484,0.77,1,0
0.935,3.299,-3.385,2.215,-1.485,0.632,-0.097,-2.638,-0.884,-0.029,1,0
1.766,1.969,1.482,2.878,-1.411,-1.15,0.74,-2.186,0.865,-0.069,1,0
2.985,0.77,1.787,-2.355,2.528,2.26,2.976,0.938,3.912,-3.666,1,0
-1.138,0.207,-1.531,1.139,-1.183,-0.663,-1.259,-0.726,-1.802,1.448,1,0
0.257,-0.78,1.33,-0.921,0.785,0.129,0.523,0.847,0.907,-0.571,1,0
0.025,-0.703,3.825,2.719,-1.62,-2.948,-0.361,-0.885,0.027,1.594,1,0
-0.336,-0.513,-2.824,-3.9,2.411,3.027,0.493,2.028,0.397,-1.809,1,0
-2.137,-0.944,-0.823,1.248,-1.48,-1.557,-1.988,-0.268,-2.521,2.448,1,0
0.773,0.13,0.109,-1.202,1.039,1.044,0.89,0.551,1.137,-1.264,1,0
0.763,3.097,-2.388,3.258,-2.185,-0.418,-0.408,-3.027,-1.154,0.708,1,0
0.353,-0.338,-1.307,-3.143,2.171,2.414,0.943,1.648,1.113,-1.939,1,0
-0.336,1.09,0.987,4.601,-3.188,-3.073,-1.314,-2.703,-1.714,2.604,1,0
-0.802,0.814,-4.89,-2.041,0.88,2.557,-0.475,0.451,-1.225,-0.656,1,0
-0.991,0.601,-6.696,-4.304,2.27,4.381,-0.198,1.584,-1.034,-1.723,1,0
1.999,1.045,1.558,0.167,0.518,0.426,1.591,-0.446,2.077,-1.583,1,0
-1.268,-0.999,0.797,1.168,-1.091,-1.654,-1.187,-0.13,-1.317,1.76,1,0
-1.837,2.833,-7.402,2.235,-2.492,0.625,-2.505,-2.641,-4.341,2.142,1,0
1.347,-3.607,9.739,-0.349,1.213,-2.832,1.847,2.132,3.838,-0.608,1,0
-2.154,-0.161,0.053,4.27,-3.505,-3.549,-2.68,-2.061,-3.412,3.995,1,0
0.977,1.11,0.872,1.705,-0.855,-0.718,0.385,-1.272,0.451,0.021,1,0
0.41,-0.841,2.353,-0.189,0.387,-0.58,0.536,0.555,1.038,-0.273,1,0
1.285,-2.228,4.406,-3.089,2.742,0.691,2.07,2.675,3.392,-2.297,1,0
0.916,0.543,3.889,3.994,-2.254,-3.166,0.004,-2.037,0.349,1.42,1,0
3.058,0.757,1.061,-3.404,3.222,3.153,3.235,1.433,4.17,-4.297,1,0
0.063,1.128,0.193,2.905,-1.966,-1.619,-0.655,-1.91,-0.957,1.365,1,0
-1.546,-8.105,11.597,-3.166,2.492,-3.642,0.494,5.497,2.848,0.759,1,0
1.422,3.12,-5.62,-1.917,1.342,4.018,1.121,-0.606,0.464,-2.639,1,0
0.455,1.559,-0.691,2.092,-1.359,-0.615,-0.225,-1.725,-0.551,0.552,1,0
1.398,1.925,-3.111,-1.875,1.465,3.009,1.284,-0.012,1.084,-2.401,1,0
1.242,0.733,0.352,-0.416,0.64,0.785,1.069,-0.081,1.32,-1.283,1,0
0.471,-2.828,4.44,-2.8,2.329,0.065,1.385,2.782,2.591,-1.427,1,0
1.121,0.753,-4.749,-6.142,4.219,5.809,2.002,2.529,1.975,-4.347,1,0
-0.428,-0.775,-4.141,-5.912,3.686,4.58,0.82,3.079,0.708,-2.804,1,0
1.167,1.008,-0.241,-0.271,0.483,0.895,0.932,-0.296,1.047,-1.193,1,0
-0.018,-0.365,-0.535,-1.504,0.995,1.015,0.317,0.878,0.394,-0.754,1,0
-0.5,0.124,-0.074,1.291,-1.025,-0.954,-0.703,-0.699,-0.924,1.066,1,0
0.652,0.693,1.394,1.981,-1.098,-1.252,0.111,-1.212,0.205,0.485,1,0
0.263,-0.152,-0.461,-1.487,1.062,1.135,0.531,0.783,0.651,-0.991,1,0
0.252,5.003,-7.234,3.37,-2.703,1.114,-1.192,-4.103,-2.903,0.838,1,0
-1.586,1.113,-2.17,3.602,-3.035,-2.006,-2.255,-2.362,-3.257,2.99,1,0
-1.256,-1.207,-3.519,-4.482,2.522,3.098,-0.112,2.574,-0.369,-1.324,1,0
1.185,2.81,-1.563,2.617,-1.579,-0.152,0.132,-2.549,-0.338,0.085,1,0
1.629,2.319,0.943,3.407,-1.846,-1.306,0.464,-2.622,0.412,0.268,1,0
1.163,-2.787,4.772,-3.788,3.213,0.861,2.178,3.274,3.638,-2.498,1,0
0.691,-0.214,0.651,-1.242,1.079,0.81,0.879,0.739,1.223,-1.167,1,0
1.025,-2.494,5.759,-1.596,1.733,-0.791,1.608,2.104,2.975,-1.236,1,0
0.782,0.355,0.243,-0.502,0.569,0.617,0.734,0.114,0.924,-0.922,1,0
0.772,4.635,-7.04,1.569,-1.315,2.309,-0.339,-3.042,-1.744,-0.483,1,0
-1.951,-0.699,-1.039,1.203,-1.413,-1.344,-1.852,-0.357,-2.4,2.243,1,0
-1.941,-0.182,-2,1.333,-1.56,-1.037,-1.95,-0.683,-2.691,2.222,1,0
1.334,0.962,-2.678,-3.627,2.679,3.758,1.701,1.284,1.781,-3.158,1,0
-0.252,-2.806,-0.476,-7.016,4.722,3.859,1.505,4.647,2.222,-3.208,1,0
-0.296,-0.621,0.859,0.103,-0.095,-0.555,-0.184,0.248,-0.07,0.382,1,0
0.924,-1.251,2.641,-1.971,1.767,0.565,1.387,1.628,2.21,-1.572,1,0
0.64,0.221,-0.521,-1.435,1.124,1.341,0.799,0.6,0.943,-1.307,1,0
0,-1.058,-1.71,-4.661,3.094,3.198,1.02,2.686,1.257,-2.391,1,0
-0.157,-0.9,-0.48,-2.475,1.628,1.444,0.455,1.587,0.643,-1.095,1,0
1.371,-1.923,6.227,-0.359,1.005,-1.451,1.6,1.271,2.945,-0.91,1,0
-0.162,-0.561,2.55,1.966,-1.233,-2.148,-0.413,-0.628,-0.192,1.296,1,0
-2.629,-0.212,-3.219,1.29,-1.791,-0.926,-2.553,-0.706,-3.589,2.72,1,0
0.463,-0.68,3.009,0.874,-0.287,-1.382,0.364,-0.012,0.868,0.245,1,0
0.383,-2.108,3.644,-1.764,1.544,-0.239,1.003,1.928,1.928,-0.91,1,0
-0.289,-0.803,0.316,-1.008,0.635,0.264,0.054,0.852,0.201,-0.205,1,0
0.66,-0.644,2.2,-0.414,0.599,-0.258,0.769,0.578,1.297,-0.617,1,0
0.202,2.108,-6.83,-3.26,1.863,4.534,0.437,0.429,-0.418,-2.294,1,0
0.584,0.827,-2.229,-1.826,1.27,2.185,0.723,0.463,0.591,-1.581,1,0
-0.384,-3.718,5.153,-2.347,1.834,-0.937,0.681,2.96,1.872,-0.389,1,0
0.624,3.312,-3.041,3.318,-2.304,-0.275,-0.578,-3.177,-1.466,0.809,1,0
-2.087,-1.283,-1.627,-0.653,-0.212,-0.184,-1.542,0.784,-1.994,1.421,1,0
-1.178,-1.128,0.842,0.705,-0.746,-1.37,-1.001,0.158,-1.057,1.459,1,0
0.524,-0.87,4.258,1.746,-0.791,-2.307,0.29,-0.31,0.928,0.711,1,0
-0.823,-1.572,1.615,-0.246,0.051,-0.954,-0.439,0.853,-0.201,0.743,1,0
-1.491,-1.817,-0.13,-1.49,0.617,0.025,-0.771,1.494,-0.781,0.601,1,0
1.134,-1.788,6.949,1.338,-0.178,-2.787,1.057,0.402,2.308,0.18,1,0
0.132,0.317,1.855,2.702,-1.704,-2.114,-0.426,-1.394,-0.389,1.335,1,0
-0.34,-0.43,-0.033,-0.381,0.169,0.029,-0.166,0.368,-0.164,0.117,1,0
-1.491,-2.133,0.575,-1.443,0.629,-0.274,-0.729,1.635,-0.614,0.679,1,0
0.809,3.058,-6.312,-1.579,0.903,3.76,0.522,-0.781,-0.371,-1.983,1,0
-0.129,0.142,-2.925,-2.83,1.725,2.6,0.378,1.216,0.158,-1.484,1,0
-1.252,-2.293,-1.837,-5.206,3.125,2.841,0.197,3.466,0.338,-1.545,1,0
1.096,3.402,-4.499,0.809,-0.546,1.918,0.287,-2.031,-0.522,-0.941,1,0
-1.415,0.616,-2.197,1.963,-1.864,-1.008,-1.722,-1.338,-2.516,2.041,1,0
-1.146,-1.469,2.189,1.382,-1.117,-2.242,-1.042,0.025,-0.926,1.865,1,0
1.394,0.858,1.7,1.166,-0.321,-0.512,0.897,-0.86,1.225,-0.548,1,0
1.083,1.114,0.326,0.845,-0.27,0.021,0.636,-0.87,0.714,-0.533,1,0
0.761,2.648,-1.886,2.738,-1.796,-0.331,-0.243,-2.557,-0.834,0.497,1,0
-0.421,-1.004,4.179,3.341,-2.144,-3.673,-0.825,-1.053,-0.494,2.321,1,0
-0.812,2.312,-6.574,-0.277,-0.441,2.245,-1.046,-1.132,-2.319,0.075,1,0
0.898,1.63,-4.708,-3.428,2.298,4.192,1.167,0.811,0.801,-2.831,1,0
0.943,3.749,-1.816,5.175,-3.417,-1.581,-0.702,-4.228,-1.549,1.519,1,0
-1.694,-3.425,4.969,0.97,-0.806,-3.404,-1.144,1.175,-0.524,2.373,1,0
-0.29,-0.094,-0.741,-0.491,0.213,0.392,-0.155,0.25,-0.265,-0.037,1,0
-2.367,-2.394,4.85,4.837,-3.649,-5.837,-2.616,-1.189,-2.551,4.836,1,0
-2.184,-2.75,4.59,3.251,-2.527,-4.771,-2.106,-0.262,-1.881,3.885,1,0
1.071,-0.291,2.636,0.104,0.381,-0.479,0.985,0.193,1.578,-0.699,1,0
0.137,1.906,-5.923,-2.55,1.415,3.76,0.282,0.201,-0.497,-1.821,1,0
0.433,-1.626,3.263,-1.12,1.091,-0.413,0.853,1.389,1.637,-0.673,1,0
0.95,-0.232,2.254,0.054,0.359,-0.371,0.877,0.175,1.392,-0.646,1,0
-0.441,1.179,-0.767,2.975,-2.209,-1.567,-1.126,-2.011,-1.669,1.773,1,0
1.429,-1.705,5.125,-1.243,1.559,-0.51,1.778,1.57,3.03,-1.476,1,0
-1.944,-3.653,4.973,0.942,-0.853,-3.53,-1.325,1.284,-0.729,2.583,1,0
-0.361,-1.048,0.459,-1.295,0.822,0.324,0.081,1.104,0.281,-0.268,1,0
1.853,1.836,-1.229,-0.846,0.998,1.975,1.517,-0.4,1.593,-2.161,1,0
1.395,0.419,3.452,2.141,-0.88,-1.721,0.79,-1.081,1.328,0.061,1,0
1.577,0.309,2.587,0.454,0.272,-0.367,1.278,-0.234,1.875,-0.986,1,0
1.319,1.72,1.474,3.206,-1.757,-1.575,0.319,-2.247,0.356,0.489,1,0
1.63,1.604,-0.164,0.314,0.209,0.806,1.144,-0.833,1.254,-1.317,1,0
1.099,-0.388,2.572,-0.275,0.644,-0.232,1.095,0.419,1.724,-0.913,1,0
-0.655,-1.17,1.837,0.662,-0.514,-1.439,-0.519,0.243,-0.329,1.05,1,0
0.031,1.093,-0.94,1.545,-1.112,-0.458,-0.429,-1.27,-0.783,0.646,1,0
0.123,1.788,-5.34,-2.125,1.156,3.295,0.211,0.066,-0.512,-1.557,1,0
-1.43,-2.675,3.431,0.455,-0.479,-2.379,-0.934,1.047,-0.509,1.768,1,0
0.127,1.618,-1.352,2.16,-1.535,-0.579,-0.54,-1.815,-1.033,0.826,1,0
0.913,0.376,2.633,2.098,-1.032,-1.651,0.373,-1.08,0.711,0.407,1,0
-0.099,-2.361,1.037,-4.442,3.09,1.958,1.1,3.248,1.808,-1.98,1,0
1.284,-0.607,4.064,0.549,0.222,-1.155,1.145,0.169,1.973,-0.562,1,0
-0.291,-0.508,1.422,1.038,-0.701,-1.279,-0.368,-0.24,-0.26,0.874,1,0
-0.489,-0.164,3.774,5.104,-3.398,-4.512,-1.342,-2.302,-1.303,3.203,1,0
-0.872,0.226,-3.13,-1.273,0.444,1.418,-0.584,0.395,-1.107,-0.083,1,0
-0.033,0.427,2.623,4.24,-2.756,-3.341,-0.872,-2.171,-0.893,2.287,1,0
-0.441,1.164,-2.11,1.348,-1.176,-0.161,-0.827,-1.256,-1.425,0.88,1,0
0.129,-0.913,4.626,2.921,-1.68,-3.309,-0.271,-0.861,0.253,1.661,1,0
-2.16,-4.033,1.232,-3.968,2.226,0.469,-0.562,3.717,-0.099,0.107,1,0
-0.372,1.65,-4.204,-0.065,-0.32,1.457,-0.586,-0.852,-1.397,-0.029,1,0
-1.4,-3.367,4.736,0.209,-0.22,-2.735,-0.751,1.519,-0.052,1.724,1,0
1.697,-0.454,5.647,1.917,-0.508,-2.281,1.241,-0.503,2.244,-0.145,1,0
0.286,-0.416,3.974,3.054,-1.771,-3.041,-0.235,-1.165,0.17,1.534,1,0
-0.549,2.604,-2.348,4.886,-3.651,-2.054,-1.8,-3.632,-2.875,2.671,1,0
-0.254,1.446,-1.227,2.695,-1.996,-1.132,-0.951,-2.004,-1.526,1.435,1,0
1.936,0.614,1.677,-0.629,1.055,0.776,1.748,0.136,2.344,-1.902,1,0
-0.783,-0.498,0.835,1.423,-1.134,-1.536,-0.88,-0.463,-0.98,1.453,1,0
1.39,-0.567,2.698,-1.197,1.363,0.384,1.553,0.96,2.346,-1.609,1,0
-0.851,-1.514,0.657,-1.172,0.619,-0.095,-0.305,1.246,-0.137,0.245,1,0
1.293,2.141,-3.605,-1.696,1.283,3.045,1.123,-0.214,0.798,-2.259,1,0
-0.206,0.85,-6.07,-4.62,2.736,4.75,0.522,1.667,-0.076,-2.528,1,0
-0.881,-2.369,2.152,-1.472,0.911,-0.528,-0.14,1.821,0.337,0.244,1,0
-0.121,2.75,-1.589,5.23,-3.725,-2.295,-1.503,-3.829,-2.431,2.514,1,0
-0.902,-0.837,0.955,0.974,-0.85,-1.406,-0.85,-0.093,-0.888,1.352,1,0
1.915,0.402,-0.219,-3.355,2.802,2.982,2.261,1.496,2.827,-3.352,1,0
-1.366,-0.59,-2.112,-1.046,0.22,0.622,-0.936,0.669,-1.352,0.548,1,0
0.354,1.054,-2.989,-1.667,1.051,2.263,0.452,0.253,0.135,-1.357,1,0
-1.785,-2.583,3.339,1.334,-1.183,-3.02,-1.426,0.567,-1.162,2.503,1,0
1.158,0.238,3.277,1.992,-0.852,-1.705,0.634,-0.94,1.131,0.187,1,0
-0.991,-0.606,0.496,1.199,-1.057,-1.4,-1.009,-0.323,-1.167,1.505,1,0
-2.411,0.654,-3.482,2.67,-2.698,-1.453,-2.749,-1.767,-3.974,3.173,1,0
2.431,-0.309,3.584,-1.732,2.065,0.914,2.54,1.16,3.675,-2.729,1,0
-0.308,-2.237,3.779,-0.444,0.46,-1.397,0.164,1.33,0.882,0.357,1,0
-2.352,-1.831,-1.099,-0.828,-0.129,-0.442,-1.659,1.124,-2.022,1.615,1,0
0.152,-3.98,4.548,-4.861,3.666,0.965,1.661,4.296,3.096,-2.132,1,0
0.813,2.903,-4.465,0.212,-0.21,2.072,0.223,-1.523,-0.54,-0.974,1,0
1.707,-1.357,5.356,-0.699,1.274,-0.74,1.872,1.164,3.133,-1.443,1,0
0.476,-1.048,0.652,-2.857,2.131,1.567,1.115,1.892,1.626,-1.757,1,0
-0.345,-0.148,-2.772,-2.909,1.731,2.463,0.246,1.383,0.04,-1.317,1,0
-0.771,-1.837,2.085,-0.461,0.242,-0.99,-0.311,1.092,0.045,0.629,1,0
0.741,1.824,-2.405,0.115,-0.033,1.285,0.349,-0.93,-0.029,-0.795,1,0
-0.161,-0.989,5.036,3.838,-2.362,-4.129,-0.686,-1.267,-0.226,2.396,1,0
0.954,-0.578,7.425,5.302,-2.919,-5.228,-0.021,-2.058,0.828,2.297,1,0
1.57,-0.311,1.632,-2.204,2.036,1.446,1.857,1.305,2.592,-2.342,1,0
-2.962,-1.675,-3.544,-2.027,0.378,0.817,-2.011,1.543,-2.75,1.387,1,0
-0.245,-1.163,2.314,0.362,-0.168,-1.231,-0.098,0.412,0.26,0.575,1,0
-0.672,-0.882,-0.833,-1.745,0.966,0.895,-0.142,1.199,-0.162,-0.309,1,0
-1.669,-2.571,3.455,1.254,-1.089,-2.956,-1.31,0.607,-1.001,2.369,1,0
1.181,0.332,3.853,2.858,-1.405,-2.387,0.481,-1.384,0.984,0.631,1,0
1.056,-1.716,4.541,-1.164,1.368,-0.536,1.432,1.508,2.526,-1.151,1,0
-0.336,-2.618,0.615,-5.077,3.436,2.334,1.046,3.652,1.725,-2.109,1,0
-0.583,0.749,-6.431,-4.493,2.525,4.61,0.178,1.629,-0.542,-2.159,1,0
-2.092,-3.34,1.061,-2.591,1.287,-0.175,-0.863,2.733,-0.588,0.698,1,0
-0.34,-0.877,0.865,-0.434,0.262,-0.29,-0.084,0.622,0.09,0.162,1,0
0.762,1.371,-2.568,-1.254,0.903,2.104,0.691,-0.066,0.447,-1.489,1,0
-0.896,0.704,-2.996,0.128,-0.516,0.59,-0.938,-0.497,-1.605,0.627,1,0
1.516,4.242,-2.688,4.146,-2.613,-0.363,-0.081,-3.961,-0.905,0.442,1,0
-0.932,-1.004,-1.256,-1.994,1.042,1.049,-0.309,1.355,-0.406,-0.231,1,0
1.475,2.884,-4.017,-0.723,0.638,2.777,0.989,-1.028,0.492,-1.983,1,0
-1.161,-0.46,-1.045,0.103,-0.447,-0.302,-0.984,0.091,-1.316,1.005,1,0
1.639,1.494,-0.14,0.052,0.393,0.944,1.217,-0.655,1.364,-1.45,1,0
0.962,0.749,-2.479,-3.126,2.248,3.2,1.311,1.132,1.328,-2.567,1,0
-0.595,-1.357,3.82,2.412,-1.575,-3.126,-0.754,-0.46,-0.399,1.998,1,0
1.719,2.299,-0.786,1.118,-0.358,0.66,0.965,-1.552,0.875,-1.057,1,0
2.454,2.617,-3.752,-3.17,2.596,4.554,2.354,0.316,2.304,-4.021,1,0
1.373,-0.146,4.223,1.694,-0.531,-1.789,0.943,-0.587,1.673,-0.075,1,0
0.451,-0.238,1.737,0.496,-0.11,-0.69,0.351,-0.067,0.663,-0.027,1,0
1.068,-1.877,4.449,-1.699,1.733,-0.203,1.566,1.837,2.708,-1.427,1,0
-0.731,-0.851,-1.344,-2.146,1.194,1.278,-0.126,1.362,-0.2,-0.491,1,0
2.759,1.908,3.062,2.472,-0.768,-0.985,1.711,-1.885,2.286,-1.029,1,0
2.092,0.467,3.671,1.029,0.084,-0.81,1.609,-0.536,2.395,-1.083,1,0
0.345,5.946,-11.475,0.503,-0.976,4.369,-0.736,-3.264,-2.882,-0.966,1,0
0.716,3.118,-4.352,1.088,-0.83,1.497,-0.058,-2.045,-0.915,-0.454,1,0
1.198,2.758,-4.411,-0.908,0.666,2.875,0.795,-0.902,0.217,-1.856,1,0
-2.415,0.526,-2.831,3.129,-2.973,-1.957,-2.815,-1.912,-3.975,3.45,1,0
1.745,-0.384,0.493,-4.106,3.318,3.019,2.371,2.232,3.141,-3.507,1,0
1.38,0.37,2.161,0.525,0.145,-0.35,1.08,-0.315,1.568,-0.81,1,0
0.631,2.337,-0.279,4.143,-2.694,-1.791,-0.566,-3.053,-1.04,1.419,1,0
0.543,1.064,0.848,2.492,-1.513,-1.38,-0.14,-1.647,-0.219,0.788,1,0
-0.235,0.612,-0.162,1.837,-1.334,-1.068,-0.643,-1.179,-0.917,1.086,1,0
-2.764,-3.183,0.97,-0.87,-0.08,-1.452,-1.803,1.805,-1.822,2.124,1,0
-0.995,0.338,0.905,4.043,-2.986,-3.107,-1.682,-2.116,-2.103,2.917,1,0
0.308,-2.178,3.971,-1.39,1.287,-0.611,0.879,1.786,1.812,-0.636,1,0
-1.553,-3.331,3.495,-0.841,0.383,-1.768,-0.702,1.97,-0.125,1.255,1,0
0.473,-0.674,0.858,-1.675,1.331,0.843,0.836,1.157,1.246,-1.166,1,0
-1.452,-0.73,-1.156,-0.08,-0.406,-0.321,-1.167,0.29,-1.53,1.167,1,0
0.767,1.247,-1.944,-0.833,0.654,1.636,0.638,-0.195,0.461,-1.241,1,0
-1.396,-3.773,3.446,-2.337,1.449,-0.848,-0.218,2.899,0.545,0.387,1,0
-0.968,-2.819,3.951,-0.278,0.181,-1.924,-0.364,1.497,0.295,1.041,1,0
0.38,-0.372,1.343,-0.152,0.291,-0.225,0.428,0.294,0.736,-0.308,1,0
0.902,1.26,-2.621,-1.891,1.375,2.55,0.95,0.296,0.788,-1.927,1,0
-0.85,-1.92,1.28,-1.452,0.851,-0.183,-0.187,1.584,0.129,0.157,1,0
-0.959,0.42,-4.755,-2.526,1.179,2.68,-0.465,0.863,-1.15,-0.739,1,0
0.276,1.047,-2.186,-0.568,0.326,1.311,0.182,-0.255,-0.125,-0.693,1,0
-1.61,-0.056,-2.512,0.335,-0.819,-0.11,-1.492,-0.262,-2.173,1.403,1,0
-2.715,-2.385,2.303,2.593,-2.361,-3.824,-2.519,-0.193,-2.697,3.861,1,0
-1.707,-0.848,2.193,4.135,-3.158,-4.055,-2.145,-1.608,-2.417,3.699,1,0
1.009,0.14,0.047,-1.756,1.479,1.502,1.201,0.82,1.528,-1.748,1,0
0.979,1.555,-2.999,-1.767,1.286,2.672,0.949,0.093,0.71,-1.965,1,0
1.96,3.985,-11.683,-8.085,5.341,10.025,2.589,1.828,1.601,-6.581,1,0
1.788,0.605,-1.78,-4.425,3.405,4.098,2.309,1.873,2.7,-3.879,1,0
1.023,0.406,1.851,1.012,-0.305,-0.695,0.665,-0.587,1,-0.279,1,0
0.759,0.273,1.014,0.256,0.091,-0.107,0.589,-0.194,0.829,-0.475,1,0
1.5,1.907,2.445,4.432,-2.49,-2.517,0.228,-2.891,0.318,0.997,1,0
-0.582,-2.356,0.353,-4.208,2.757,1.825,0.625,3.097,1.126,-1.489,1,0
0.103,1.015,-1.196,0.894,-0.662,0.035,-0.234,-0.924,-0.55,0.247,1,0
1.233,0.986,2.569,2.857,-1.471,-1.858,0.424,-1.716,0.695,0.483,1,0
-1.639,0.283,-4.389,-0.977,-0.043,1.315,-1.334,0.164,-2.209,0.647,1,0
-3.517,-1.658,-2.919,-0.057,-1.085,-0.808,-2.87,0.582,-3.788,2.886,1,0
-1.663,-2.443,1.564,-0.677,0.119,-1.171,-0.973,1.428,-0.784,1.281,1,0
-0.629,0.361,-2.734,-0.989,0.339,1.245,-0.44,0.215,-0.897,-0.131,1,0
-0.873,-1.524,3.243,1.908,-1.339,-2.784,-0.885,-0.165,-0.606,1.958,1,0
2.359,4.796,-6.724,-1.053,0.93,4.501,1.533,-1.787,0.672,-3.145,1,0
1.058,-0.272,5.38,3.424,-1.73,-3.355,0.365,-1.344,1.07,1.134,1,0
-0.159,-0.829,3.662,2.607,-1.602,-2.927,-0.485,-0.784,-0.134,1.691,1,0
-0.099,-3.969,5.972,-2.612,2.144,-0.951,1.024,3.235,2.429,-0.707,1,0
1.004,-0.658,-0.375,-4.232,3.151,3.009,1.775,2.368,2.318,-2.975,1,0
-0.965,1.139,-4.354,-0.248,-0.362,1.283,-1,-0.554,-1.882,0.4,1,0
-0.105,0.264,-1.446,-0.828,0.45,0.952,0.015,0.236,-0.166,-0.42,1,0
2.123,4.19,-2.046,3.475,-1.949,0.094,0.594,-3.574,0.035,-0.376,1,0
0.555,2.66,-7.959,-3.976,2.378,5.559,0.796,0.504,-0.145,-3.045,1,0
1.847,-1.755,3.837,-3.788,3.337,1.607,2.625,2.8,3.986,-3.183,1,0
0.731,-0.321,2.349,0.414,0.059,-0.727,0.63,0.037,1.095,-0.268,1,0
0.812,1.868,1.65,4.869,-3.024,-2.832,-0.462,-3.13,-0.646,1.761,1,0
-1.205,-2.239,2.176,-0.427,0.109,-1.287,-0.641,1.248,-0.319,1.041,1,0
0.902,4.086,-7.478,-0.597,0.18,3.73,0.261,-1.754,-0.954,-1.682,1,0
1.359,-0.931,2.744,-1.983,1.898,0.775,1.727,1.505,2.618,-1.958,1,0
2.216,1.428,1.834,0.984,0.031,-0.004,1.574,-1,2.038,-1.36,1,0
0.74,5.173,-9.243,0.372,-0.641,3.796,-0.236,-2.772,-1.91,-1.206,1,0
-1.418,-1.391,2.504,2.532,-1.96,-3.143,-1.508,-0.567,-1.5,2.689,1,0
-2.193,-0.764,-0.586,2.097,-2.063,-2.142,-2.222,-0.755,-2.819,2.929,1,0
-0.249,-3.293,6.8,0.373,0.106,-2.979,0.237,1.503,1.424,0.937,1,0
1.479,-1.889,2.5,-4.914,3.928,2.531,2.522,3.355,3.73,-3.504,1,0
1.178,2.365,-2.2,0.769,-0.352,1.095,0.534,-1.472,0.165,-0.853,1,0
0.17,2.575,-1.479,4.304,-3.004,-1.672,-1.046,-3.289,-1.812,1.815,1,0
1.44,0.475,-1.787,-4.013,3.029,3.682,1.944,1.721,2.247,-3.369,1,0
-0.574,-0.167,0.683,1.621,-1.224,-1.468,-0.782,-0.707,-0.911,1.351,1,0
0.168,3.141,-3.957,2.786,-2.118,0.114,-0.861,-2.883,-1.906,0.887,1,0
-0.716,-0.084,-2.916,-2.125,1.085,1.885,-0.24,0.959,-0.605,-0.618,1,0
1.698,2.952,-1.674,1.741,-0.848,0.654,0.728,-2.176,0.397,-0.805,1,0
-0.182,-3.045,6.606,0.617,-0.056,-2.999,0.213,1.269,1.342,0.98,1,0
0.697,2.119,-3.423,-0.261,0.149,1.859,0.331,-0.912,-0.196,-1.017,1,0
1.93,-0.197,-2.408,-7.47,5.495,6.077,3.121,3.696,3.773,-5.529,1,0
-0.304,1.129,-2.525,0.477,-0.568,0.549,-0.54,-0.826,-1.097,0.305,1,0
0.83,0.008,2,0.61,-0.071,-0.642,0.63,-0.214,1.018,-0.289,1,0
0.089,0.218,-3.802,-4.145,2.631,3.778,0.8,1.799,0.598,-2.384,1,0
-1.139,-1.125,-0.289,-0.708,0.164,-0.141,-0.709,0.809,-0.803,0.652,1,0
-0.621,0.361,-2.118,-0.277,-0.109,0.624,-0.562,-0.111,-0.989,0.254,1,0
0.022,-0.028,4.975,5.768,-3.643,-5.053,-1.028,-2.633,-0.79,3.163,1,0
2.507,1.951,1.271,0.999,0.064,0.369,1.747,-1.251,2.138,-1.656,1,0
0.514,2.233,-4.14,-0.432,0.173,2.128,0.18,-0.908,-0.479,-0.993,1,0
1.076,0.766,-1.355,-1.997,1.574,2.215,1.204,0.614,1.308,-2.035,1,0
0.016,-1.172,2.565,0.079,0.112,-1.028,0.188,0.569,0.655,0.225,1,0
1.992,1.272,-0.767,-2.002,1.859,2.502,1.943,0.433,2.256,-2.809,1,0
0.397,1.512,0.735,3.787,-2.449,-2.122,-0.578,-2.485,-0.849,1.536,1,0
-1.206,-1.594,2.156,1.159,-0.983,-2.142,-1.035,0.186,-0.905,1.808,1,0
-1.05,0.455,-1.277,1.871,-1.646,-1.111,-1.354,-1.183,-1.927,1.744,1,0
-1.401,0.662,-1.666,2.677,-2.318,-1.595,-1.848,-1.689,-2.627,2.417,1,0
0.375,0.467,0.623,1.098,-0.615,-0.629,0.06,-0.713,0.086,0.245,1,0
-0.345,0.438,-0.866,0.806,-0.7,-0.296,-0.526,-0.625,-0.82,0.631,1,0
0.494,-0.538,2.799,0.915,-0.32,-1.306,0.361,-0.102,0.824,0.221,1,0
-1.092,-1.314,0.825,0.04,-0.267,-0.953,-0.773,0.566,-0.745,1.059,1,0
-0.828,0.021,-0.909,0.747,-0.791,-0.517,-0.88,-0.424,-1.227,1.029,1,0
-0.527,1.43,-5.877,-2.26,1.041,3.212,-0.289,0.257,-1.166,-1.084,1,0
-1.012,0.977,-3.219,0.791,-1.017,0.251,-1.206,-0.952,-2.006,1.035,1,0
-0.998,-1.249,-1.763,-3.062,1.725,1.789,-0.134,1.965,-0.206,-0.728,1,0
1.712,1.583,-1.365,-1.334,1.288,2.214,1.521,-0.057,1.613,-2.282,1,0
-0.669,-2.295,2.279,-1.591,1.057,-0.394,0.06,1.856,0.597,0.007,1,0
0.397,0.268,1.017,1.022,-0.532,-0.728,0.126,-0.574,0.236,0.22,1,0
-1.75,-3.738,3.249,-1.724,0.921,-1.303,-0.652,2.569,-0.037,0.984,1,0
-0.95,-0.85,-0.306,-0.447,0.034,-0.17,-0.632,0.563,-0.739,0.608,1,0
-0.82,0.444,-4.386,-2.329,1.104,2.508,-0.379,0.772,-1.004,-0.739,1,0
-1.215,-0.29,-3.617,-2.401,1.096,2.027,-0.603,1.149,-1.12,-0.36,1,0
0.517,0.361,-2.43,-3.082,2.102,2.908,0.967,1.273,0.94,-2.145,1,0
0.368,-1.401,4.976,1.607,-0.692,-2.597,0.261,0.014,1.032,0.839,1,0
1.546,0.391,-1.23,-3.791,2.939,3.405,2.012,1.671,2.403,-3.313,1,0
-0.643,0.836,-2.597,0.387,-0.601,0.436,-0.78,-0.663,-1.377,0.558,1,0
-0.777,-0.195,-0.976,0.021,-0.284,-0.068,-0.668,0.025,-0.936,0.628,1,0
1.437,0.194,3.37,1.394,-0.361,-1.259,1,-0.619,1.616,-0.345,1,0
1.369,-0.056,1.859,-0.869,1.08,0.519,1.392,0.544,1.988,-1.498,1,0
2.512,1.222,1.985,0.016,0.785,0.629,2.048,-0.424,2.688,-2.081,1,0
-0.601,0.218,-3.586,-2.412,1.271,2.366,-0.132,0.945,-0.576,-0.912,1,0
1.519,-1.276,3.221,-2.62,2.408,1.027,2.041,1.989,3.114,-2.372,1,0
1.361,2.007,0.172,2.293,-1.201,-0.551,0.477,-1.972,0.385,-0.092,1,0
-1.526,-0.568,1.31,3.4,-2.661,-3.212,-1.895,-1.399,-2.222,3.112,1,0
-2.097,-0.595,-1.852,0.814,-1.236,-0.899,-1.929,-0.245,-2.597,2.122,1,0
2.191,3.539,-3.333,0.185,0.248,2.419,1.359,-1.722,0.959,-2.13,1,0
-0.656,-2.682,5.186,0.857,-0.437,-2.844,-0.313,0.932,0.473,1.408,1,0
1.965,1.04,3.255,2.238,-0.807,-1.378,1.182,-1.398,1.734,-0.417,1,0
-1.612,-0.981,3.075,4.642,-3.425,-4.62,-2.131,-1.764,-2.289,3.928,1,0
0.116,1.934,-2.403,1.727,-1.307,0.058,-0.521,-1.78,-1.158,0.543,1,0
0.504,-3.403,2.035,-7.151,5.175,3.382,2.301,5.081,3.582,-3.752,1,0
0.321,0.882,-2.642,-1.615,1.028,2.082,0.441,0.315,0.178,-1.276,1,0
-0.978,1.052,0.327,5.1,-3.744,-3.448,-1.974,-2.967,-2.625,3.368,1,0
0.316,0.853,-1.482,-0.304,0.2,0.917,0.201,-0.273,-0.002,-0.546,1,0
-0.713,-2.594,3.245,-1.099,0.769,-1.06,-0.021,1.78,0.632,0.36,1,0
-1.14,0.347,-3.306,-0.605,-0.097,0.972,-0.965,0.003,-1.63,0.466,1,0
1.198,-0.738,3.572,-0.177,0.667,-0.618,1.222,0.563,2.035,-0.875,1,0
1.905,2.036,1.797,3.121,-1.521,-1.326,0.809,-2.321,0.979,-0.051,1,0
0.207,0.613,-2.278,-1.609,1.017,1.874,0.38,0.441,0.172,-1.142,1,0
0.604,1.011,-2.945,-2.257,1.526,2.708,0.79,0.567,0.579,-1.864,1,0
-0.714,-4.781,7.52,-1.488,1.305,-2.507,0.399,3.085,1.889,0.508,1,0
0.543,-2.63,6.779,0.305,0.362,-2.49,0.852,1.26,2.129,0.195,1,0
-0.168,-1.723,1.865,-1.727,1.259,0.122,0.441,1.667,0.973,-0.54,1,0
-0.295,3.358,-4.893,3.211,-2.593,-0.014,-1.388,-3.23,-2.707,1.434,1,0
0.704,0.102,-0.508,-1.854,1.43,1.6,0.952,0.859,1.155,-1.566,1,0
-0.587,-2.911,5.945,1.036,-0.494,-3.198,-0.248,0.974,0.665,1.493,1,0
0.432,1.751,0.001,3.44,-2.248,-1.629,-0.522,-2.446,-0.883,1.279,1,0
-2.011,0.438,-4.091,0.555,-1.176,0.158,-1.97,-0.65,-3.013,1.744,1,0
0.509,-0.79,1.044,-1.823,1.454,0.872,0.915,1.287,1.38,-1.255,1,0
-0.904,-1.345,1.254,0.067,-0.209,-1.029,-0.605,0.585,-0.48,0.938,1,0
-0.639,-1.861,3.251,0.575,-0.361,-1.931,-0.378,0.64,0.086,1.104,1,0
-0.293,1.614,-3.451,0.568,-0.686,0.865,-0.625,-1.117,-1.363,0.266,1,0
-0.322,0.802,-1.553,0.852,-0.769,-0.041,-0.572,-0.832,-0.996,0.578,1,0
0.108,1.268,-1.596,1.04,-0.786,0.114,-0.296,-1.121,-0.703,0.281,1,0
-2.999,-0.494,-4.057,0.388,-1.323,-0.318,-2.674,-0.177,-3.799,2.549,1,0
2.066,3.592,-5.198,-1.621,1.338,4.055,1.568,-0.93,1.024,-3.039,1,0
-0.216,-2.361,2.884,-2.01,1.505,-0.146,0.552,2.121,1.301,-0.554,1,0
0.697,0.778,-3.442,-3.625,2.459,3.696,1.16,1.323,1.029,-2.647,1,0
-0.376,-0.673,0.431,-0.362,0.175,-0.181,-0.162,0.481,-0.081,0.195,1,0
0.888,2.003,-2.386,0.267,-0.096,1.278,0.425,-1.079,0.049,-0.852,1,0
2.523,1.087,5.675,4.024,-1.733,-2.975,1.348,-2.196,2.196,0.139,1,0
0.249,-0.063,0.07,-0.607,0.488,0.443,0.344,0.332,0.456,-0.511,1,0
-0.231,-2.929,6.033,0.333,0.09,-2.65,0.202,1.335,1.254,0.841,1,0
-1.402,-0.577,-2.107,-0.929,0.131,0.536,-0.992,0.605,-1.425,0.638,1,0
0.955,-0.254,1.732,-0.628,0.796,0.205,1.01,0.5,1.509,-1.022,1,0
0.956,-2.075,6.158,0.07,0.596,-1.89,1.175,1.117,2.411,-0.337,1,0
-0.424,2.645,-5.439,1.063,-1.186,1.294,-0.997,-1.886,-2.176,0.466,1,0
-2.301,-1.29,-1.285,0.191,-0.827,-0.895,-1.887,0.382,-2.399,2.048,1,0
-0.587,-0.027,0.493,1.771,-1.342,-1.483,-0.844,-0.849,-1.027,1.42,1,0
-0.169,0.484,0.207,1.81,-1.276,-1.159,-0.559,-1.095,-0.754,1.043,1,0
-0.153,-1.654,1.555,-1.956,1.4,0.375,0.485,1.737,0.989,-0.688,1,0
-1.284,0.465,-0.959,2.772,-2.308,-1.855,-1.729,-1.622,-2.376,2.414,1,0
-2.307,-1.693,0.991,1.891,-1.853,-2.706,-2.137,-0.192,-2.431,3.055,1,0
-0.47,-3.467,4.151,-2.724,2.007,-0.391,0.633,2.997,1.673,-0.573,1,0
-0.592,0.169,0.841,2.683,-1.948,-2.117,-1.046,-1.37,-1.274,1.894,1,0
-0.197,-1.828,6.46,3.508,-2.055,-4.523,-0.523,-0.687,0.234,2.381,1,0
1.367,-1.144,2.461,-2.865,2.488,1.369,1.929,2.021,2.874,-2.415,1,0
0.509,-0.752,1.25,-1.483,1.233,0.606,0.846,1.111,1.309,-1.074,1,0
0.968,4.512,-6.427,1.568,-1.223,2.182,-0.144,-2.962,-1.414,-0.61,1,0
1.317,-0.109,3.18,0.672,0.09,-0.861,1.073,-0.142,1.725,-0.601,1,0
0.81,5.037,-6.258,3.415,-2.523,1.023,-0.706,-4.094,-2.181,0.438,1,0
1.666,3.77,-4.827,0.115,0.062,2.743,0.865,-1.853,0.14,-1.812,1,0
0.599,1.811,-6.03,-3.904,2.462,4.797,0.958,0.912,0.371,-2.898,1,0
0.838,4.268,-4.044,4.059,-2.819,-0.17,-0.676,-3.992,-1.814,0.899,1,0
-1.045,-1.789,1.978,0.118,-0.236,-1.417,-0.669,0.779,-0.432,1.146,1,0
0.141,1.636,-2.796,0.465,-0.458,0.911,-0.221,-1.044,-0.778,-0.121,1,0
3.379,4.278,-2.506,0.461,0.428,2.615,2.253,-2.129,2.104,-2.993,1,0
2.388,-0.037,3.174,-1.449,1.833,0.896,2.407,0.887,3.427,-2.586,1,0
0.208,-1.373,1.383,-2.228,1.673,0.792,0.812,1.748,1.355,-1.155,1,0
-0.47,0.139,0.398,1.824,-1.354,-1.41,-0.776,-0.949,-0.97,1.334,1,0
0.686,-1.703,4.207,-0.735,0.953,-0.847,1.02,1.273,1.961,-0.638,1,0
-0.072,-1.513,0.733,-2.749,1.915,1.17,0.68,2.036,1.134,-1.209,1,0
0.537,0.26,0.868,0.525,-0.162,-0.321,0.343,-0.33,0.5,-0.158,1,0
-1.685,-3.349,4.95,1.118,-0.906,-3.471,-1.175,1.069,-0.575,2.435,1,0
-0.792,-3.034,4.439,-0.613,0.489,-1.832,-0.11,1.777,0.697,0.76,1,0
0.944,-0.155,3.055,1.207,-0.384,-1.312,0.649,-0.395,1.174,-0.019,1,0
-1.2,-1.795,0.259,-1.597,0.793,0.095,-0.495,1.556,-0.388,0.32,1,0
-1.208,-0.338,0.007,1.752,-1.525,-1.632,-1.346,-0.733,-1.685,1.928,1,0
0.445,-0.512,1.738,-0.172,0.347,-0.331,0.511,0.381,0.902,-0.344,1,0
-0.636,3.319,-7.933,0.247,-0.839,2.585,-1.146,-1.876,-2.713,0.065,1,0
1.879,2.518,1.422,3.935,-2.111,-1.638,0.559,-2.946,0.56,0.338,1,0
-2.202,-2.681,-1.581,-3.838,1.948,1.466,-0.84,2.958,-0.917,-0.014,1,0
-0.766,1.323,-5.369,-1.416,0.429,2.422,-0.639,-0.096,-1.548,-0.422,1,0
0.014,-0.036,1.748,1.949,-1.225,-1.729,-0.337,-0.876,-0.244,1.068,1,0
-0.883,-2.827,3.505,-1.008,0.677,-1.305,-0.153,1.844,0.519,0.576,1,0
1.57,3.225,-6.477,-2.986,2.062,5.015,1.432,-0.156,0.759,-3.356,1,0
1.268,1.421,-2.093,-1.649,1.339,2.419,1.207,0.133,1.154,-2.095,1,0
1.096,0.605,0.843,0.159,0.236,0.2,0.854,-0.292,1.111,-0.836,1,0
-2.798,-0.231,-5.751,-1.39,-0.155,1.418,-2.212,0.521,-3.417,1.376,1,0
0.409,1.428,-4.56,-2.713,1.686,3.473,0.632,0.546,0.155,-2.037,1,0
1.289,2.005,-1.083,0.955,-0.38,0.623,0.657,-1.362,0.484,-0.775,1,0
0.204,-2.672,3.629,-2.803,2.208,0.231,1.122,2.681,2.149,-1.254,1,0
1.321,0.915,-0.124,-0.693,0.821,1.165,1.162,-0.041,1.365,-1.526,1,0
1.918,0.65,-1.229,-3.938,3.14,3.693,2.33,1.637,2.779,-3.716,1,0
0.108,-1.31,5.988,3.588,-2.058,-4.212,-0.348,-0.965,0.347,2.11,1,0
-2.181,-2.138,-1.329,-2.232,0.867,0.507,-1.201,1.942,-1.42,0.764,1,0
-1.327,0.675,-5.057,-1.461,0.331,2.012,-1.028,0.212,-1.936,0.081,1,0
1.854,-0.02,0.948,-2.895,2.544,2.246,2.19,1.497,2.911,-2.983,1,0
0.232,2.45,-3.796,1.117,-0.945,0.994,-0.389,-1.755,-1.199,0.036,1,0
-0.43,-2.509,3.91,-0.705,0.616,-1.373,0.146,1.58,0.906,0.35,1,0
3.47,3.497,-1.585,-0.586,1.23,2.877,2.65,-1.238,2.805,-3.508,1,0
0.438,3.641,-7.723,-1.001,0.318,3.784,-0.01,-1.378,-1.272,-1.482,1,0
-2.365,-3.271,2.689,0.093,-0.526,-2.418,-1.608,1.442,-1.38,2.369,1,0
-0.304,-0.75,1.511,0.57,-0.377,-1.066,-0.255,0.099,-0.076,0.666,1,0
1.315,1.813,-0.311,1.335,-0.585,0.131,0.642,-1.436,0.57,-0.553,1,0
3.787,0.346,6.312,0.225,1.255,-0.448,3.291,0.038,4.846,-2.779,1,0
-1.382,0.017,-2.386,0.177,-0.641,0.055,-1.271,-0.207,-1.885,1.133,1,0
-1.643,0.422,-1.176,3.178,-2.696,-2.193,-2.117,-1.816,-2.891,2.914,1,0
1.606,1.081,2.598,2.33,-1.008,-1.374,0.838,-1.491,1.218,-0.103,1,0
-0.277,0.951,-2.483,0.026,-0.248,0.794,-0.405,-0.525,-0.898,0.065,1,0
1.687,0.225,4.315,2.055,-0.689,-1.845,1.098,-0.917,1.837,-0.174,1,0
-3.209,-2.615,-1.2,-1.068,-0.199,-0.752,-2.256,1.566,-2.702,2.256,1,0
0.158,-3.36,7.015,-0.411,0.766,-2.408,0.755,1.932,2.119,0.211,1,0
-0.257,-2.256,2.272,-2.383,1.712,0.271,0.567,2.235,1.242,-0.746,1,0
0.67,1.841,0.424,3.653,-2.304,-1.775,-0.362,-2.57,-0.644,1.203,1,0
-0.651,1.869,-4.15,1.14,-1.219,0.624,-1.09,-1.541,-2.065,0.808,1,0
1.708,1.836,-0.922,-0.17,0.515,1.407,1.264,-0.723,1.3,-1.681,1,0
0.924,0.855,1.179,1.547,-0.742,-0.781,0.408,-1.073,0.543,0.016,1,0
1.151,2.535,-0.303,3.494,-2.112,-1.137,-0.014,-2.813,-0.359,0.639,1,0
0.892,-0.549,1.644,-1.331,1.256,0.586,1.129,0.969,1.688,-1.312,1,0
-1.555,-2.342,2.39,0.321,-0.485,-1.972,-1.074,0.927,-0.84,1.732,1,0
0.564,-0.179,-3.202,-5.44,3.686,4.516,1.526,2.639,1.64,-3.389,1,0
-0.947,0.981,-1.386,2.831,-2.285,-1.533,-1.521,-1.886,-2.217,2.107,1,0
-0.715,0.902,-4.303,-1.313,0.44,1.982,-0.545,0.079,-1.263,-0.334,1,0
2.266,-0.055,3.769,-0.528,1.206,0.095,2.132,0.463,3.14,-1.984,1,0
-0.78,-1.526,3.008,1.424,-0.997,-2.378,-0.713,0.066,-0.41,1.622,1,0
-1.747,-0.13,-3.97,-1.283,0.164,1.258,-1.308,0.509,-2.081,0.628,1,0
-1.204,0.705,-1.733,2.282,-1.999,-1.244,-1.607,-1.513,-2.33,2.045,1,0
-0.798,0.671,0.725,4.237,-3.078,-3.032,-1.594,-2.359,-2.05,2.821,1,0
1.617,2.734,0.739,4.227,-2.425,-1.679,0.237,-3.213,0.049,0.659,1,0
-0.486,-2.11,3.528,-0.044,0.123,-1.617,-0.088,1.066,0.517,0.69,1,0
1.549,3.323,-7.891,-4.371,2.919,6.304,1.65,0.428,0.878,-4.119,1,0
-0.366,0.248,-1.794,-0.722,0.285,0.883,-0.235,0.173,-0.521,-0.164,1,0
0.589,-0.622,0.799,-1.865,1.489,1.034,0.967,1.227,1.4,-1.366,1,0
0.506,1.411,-2.158,-0.118,0.081,1.185,0.248,-0.63,-0.082,-0.679,1,0
0.77,0.923,-0.006,0.646,-0.239,0.082,0.423,-0.707,0.429,-0.375,1,0
-1.433,-0.695,-2.52,-1.646,0.589,1.069,-0.87,0.993,-1.298,0.286,1,0
0.81,0.241,2.026,1.263,-0.524,-1.019,0.455,-0.636,0.769,0.047,1,0
1.064,2.526,-8.077,-5.537,3.579,6.739,1.557,1.333,0.835,-4.264,1,0
-1.483,-1.899,-2.96,-5.059,2.892,3.067,-0.1,3.176,-0.209,-1.355,1,0
-1.476,-2.597,0.773,-2.396,1.3,0.176,-0.467,2.313,-0.201,0.22,1,0
-0.36,2.151,-4.024,1.37,-1.291,0.614,-0.917,-1.768,-1.864,0.669,1,0
-0.091,0.445,-1.937,-0.988,0.532,1.237,0.027,0.217,-0.224,-0.548,1,0
-1.742,-4.263,3.584,-2.654,1.583,-0.923,-0.391,3.267,0.397,0.553,1,0
-0.117,-0.7,4.468,3.792,-2.354,-3.86,-0.684,-1.391,-0.32,2.29,1,0
0.133,1.384,0.83,4.145,-2.759,-2.501,-0.859,-2.605,-1.183,1.952,1,0
0.022,-0.102,0.253,-0.002,0.023,-0.085,0.036,0.055,0.086,-0.001,1,0
-0.559,-0.743,-1.338,-2.238,1.304,1.423,0.027,1.363,-0.016,-0.689,1,0
-1.159,-2.184,2.578,0.088,-0.208,-1.697,-0.703,0.986,-0.363,1.281,1,0
1.816,1.571,0.421,0.525,0.151,0.569,1.277,-0.896,1.491,-1.336,1,0
0.823,1.373,-0.622,0.923,-0.454,0.2,0.348,-1.062,0.213,-0.337,1,0
0.419,0.401,0.25,0.398,-0.146,-0.079,0.238,-0.354,0.283,-0.162,1,0
1.585,0.433,1.315,-0.757,1.027,0.79,1.486,0.259,1.993,-1.679,1,0
1.03,-1.533,2.829,-2.676,2.292,0.935,1.655,2.106,2.609,-1.994,1,0
-0.229,-2.89,5.612,-0.073,0.342,-2.265,0.272,1.502,1.294,0.61,1,0
0.031,0.181,-0.281,0.054,-0.047,0.097,-0.012,-0.116,-0.067,-0.023,1,0
2.643,1.422,0.596,-1.408,1.71,2.015,2.393,0.138,2.959,-2.996,1,0
0.281,-0.174,1.489,0.726,-0.329,-0.814,0.147,-0.22,0.367,0.217,1,0
-0.786,-1.927,4.635,2.365,-1.543,-3.524,-0.826,-0.161,-0.335,2.211,1,0
0.054,-1.278,0.228,-3.031,2.111,1.59,0.806,2.055,1.214,-1.497,1,0
1.387,-0.085,0.943,-2.064,1.848,1.534,1.631,1.109,2.202,-2.164,1,0
0.594,3.333,-3.307,3.12,-2.193,-0.082,-0.572,-3.099,-1.49,0.72,1,0
-0.636,-0.068,-2.42,-1.671,0.825,1.49,-0.253,0.749,-0.572,-0.431,1,0
-0.561,1.789,-1.331,4.083,-3.039,-2.018,-1.534,-2.845,-2.326,2.373,1,0
1.18,1.595,-0.659,0.67,-0.186,0.552,0.678,-1.03,0.605,-0.782,1,0
1.652,-1.52,3.602,-3.062,2.771,1.194,2.28,2.329,3.491,-2.675,1,0
-3.25,-6.329,8.456,1.189,-1.152,-5.746,-2.109,2.438,-1.04,4.142,1,0
-0.743,-1.379,-2.636,-4.964,3.045,3.305,0.462,2.928,0.482,-1.945,1,0
-1.126,-2.154,4.249,2.067,-1.453,-3.402,-1.039,0.065,-0.62,2.34,1,0
2.392,2.556,0.418,1.743,-0.532,0.231,1.412,-1.914,1.544,-1.261,1,0
-0.33,-2.253,5.011,1.021,-0.474,-2.683,-0.12,0.663,0.65,1.182,1,0
2.278,3.177,-2.972,-0.477,0.749,2.689,1.616,-1.224,1.371,-2.5,1,0
0.068,0.476,-1.336,-0.539,0.304,0.849,0.083,0.008,-0.093,-0.426,1,0
-1.821,-0.447,-0.207,2.541,-2.245,-2.322,-2.021,-1.091,-2.56,2.841,1,0
1.489,0.264,4.319,2.581,-1.103,-2.244,0.818,-1.196,1.474,0.258,1,0
-1.554,0.302,-1.196,2.664,-2.32,-1.855,-1.924,-1.511,-2.632,2.584,1,0
1.139,-0.404,3.64,0.863,-0.059,-1.242,0.926,-0.092,1.622,-0.314,1,0
-0.781,-0.078,-1.323,-0.089,-0.231,0.124,-0.67,0.015,-0.989,0.551,1,0
-1.225,1.853,-2.985,3.71,-3.064,-1.547,-2.07,-2.762,-3.197,2.656,1,0
-1.342,-0.285,3.485,6.283,-4.455,-5.52,-2.301,-2.853,-2.548,4.513,1,0
0.887,2.223,-5.104,-2.4,1.564,3.781,0.875,0.033,0.312,-2.355,1,0
-0.851,-0.604,-2.255,-2.352,1.246,1.677,-0.235,1.319,-0.466,-0.555,1,0
-0.814,1.326,-1.95,2.739,-2.222,-1.189,-1.44,-2.01,-2.215,1.9,1,0
2.15,-0.016,2.944,-1.158,1.556,0.693,2.137,0.722,3.054,-2.251,1,0
-0.799,-3.995,3.499,-4.104,2.826,0.427,0.674,3.875,1.722,-0.998,1,0
1.806,1.997,-1.803,-1.022,1.071,2.266,1.481,-0.406,1.466,-2.249,1,0
0.911,-2.953,6.278,-1.881,1.931,-0.901,1.632,2.462,3.117,-1.232,1,0
-1.821,-0.466,-3.534,-1.444,0.282,1.135,-1.291,0.749,-1.973,0.651,1,0
-1.867,-4.891,3.67,-3.848,2.375,-0.377,-0.184,4.128,0.747,0.094,1,0
-2.702,-2.115,-1.968,-1.815,0.401,0.236,-1.747,1.694,-2.191,1.382,1,0
-0.285,1.547,-2.767,1.191,-1.069,0.265,-0.72,-1.368,-1.405,0.614,1,0
-0.298,-1.023,1.862,0.293,-0.163,-1.048,-0.156,0.367,0.121,0.554,1,0
-1.896,-1.499,-1.185,-1.078,0.159,-0.017,-1.259,1.107,-1.558,1.08,1,0
-0.574,0.54,-6.182,-4.738,2.712,4.652,0.264,1.85,-0.38,-2.265,1,0
-0.452,1.741,-2.782,2.013,-1.679,-0.269,-1.05,-1.859,-1.853,1.159,1,0
-0.61,-1.556,4.8,3.106,-1.994,-3.892,-0.863,-0.677,-0.409,2.425,1,0
0.923,0.077,2.973,1.734,-0.757,-1.579,0.496,-0.758,0.942,0.249,1,0
-0.272,-0.925,2.66,1.424,-0.883,-1.958,-0.355,-0.201,-0.061,1.141,1,0
3.5,1.082,3.537,-0.609,1.576,0.92,3.068,0.018,4.177,-3.144,1,0
0.669,2.004,-2.443,0.671,-0.436,0.957,0.154,-1.283,-0.304,-0.464,1,0
