pMAE,pRMSE,ocvRMSE,RMSEutrans,MAEutrans,date,algomodel,trgCol,transTarg,task,missing,append,transform,pc,expirament,fold,maxfold,seed,seedit,foldseed,RMSEmean,RMSEmeantrain,hpGen,time,validmethod,tuneLength,cvcount,ignrepeats,adaptivemin,bestTuneparams,btp1,btp2,btp3,btp4,btp5,btp6,btp7,btp8,btp9,btp10,btp11,,,,,,,,,,,,,,,,,,,,,,,,,,,,,,,,,,,,,,,,,,,,,,,,,,,,,,,,,,,,,,,,,,,,,,,,,,,,,,,,,,,,,,,,,,,,,,,,,,,,,,,,,,,,,,,,,,,,,,,,,,,,,,,,,,,,,,,,,,,,,,,,,,,,,,,,,,,,,,,,,,,,,,,,,,,,,,,,,,,,,,,,,,,,,,,,,,,,,,,,,,,,,,,,,,,
0.01,0.01,100,100,100,Wed Aug 02 16:37:25 2017,dummy,8,1,bac latent features,ignore,none,asis,CLOUD,10hp10cv,1,5,403,624,222,0.9,0.9284,random,434,cv,10,10,NA,5,15,1.3312352844514,0.968602964049205,1.30087468028069,1.36411243351176,,,
1,1,-1,0.000922,0.00045,Mon Jun 25 17:59:11 2018,perfect,1,2,ifs C1 & C2 on C1,ignore,none,asis,ALTA,carEnstest4,2,5,403,100,222,0.9088,0.9261,random,NA,nohyperparameters,1,10,no rep,no min,,,,,,0,2,0.405,3,-1.21,4,0.368,13,1.03,20,0.531,31,-1.02,38,-0.561,46,-0.172,47,1,51,1.08,55,0.369,63,0.308,64,-0.689,65,-0.896,75,-0.389,76,-0.786,82,-1.44,86,2.11,94,0.762,96,-0.685
0.729,0.714,0.278,0.26,0.214,Mon Jun 25 18:39:10 2018,SL.bartMachine,1,2,ifs C1 & C2 on C1,ignore,none,asis,ALTA,carEnstest4,2,5,403,228,222,0.9088,0.9261,random,NA,nohyperparameters,1,10,no rep,no min,,,,,,0,2,0.587,3,-0.901,4,0.439,13,1.25,20,0.783,31,-1.03,38,-0.338,46,-0.179,47,1.3,51,1.1,55,-0.0254,63,0.148,64,-0.619,65,-0.42,75,-0.687,76,-1.12,82,-1.2,86,1.58,94,0.672,96,-0.794
0.364,0.25,0.742,0.682,0.503,Mon Jun 25 18:39:12 2018,SL.bayesglm,1,2,ifs C1 & C2 on C1,ignore,none,asis,ALTA,carEnstest4,2,5,403,80,222,0.9088,0.9261,random,NA,nohyperparameters,1,10,no rep,no min,,,,,,0,2,0.476,3,-0.323,4,0.54,13,0.614,20,0.246,31,-0.329,38,-0.23,46,-0.31,47,0.823,51,0.0279,55,0.311,63,0.209,64,-0.238,65,-0.32,75,-0.982,76,-1.28,82,-0.32,86,0.147,94,0.29,96,-0.674
0.351,0.222,0.663,0.707,0.513,Mon Jun 25 18:40:03 2018,SL.biglasso,1,2,ifs C1 & C2 on C1,ignore,none,asis,ALTA,carEnstest4,2,5,403,184,222,0.9088,0.9261,random,NA,nohyperparameters,1,10,no rep,no min,,,,,,0,2,0.189,3,-0.236,4,0.351,13,0.459,20,0.182,31,-0.343,38,0.038,46,-0.189,47,0.532,51,0.132,55,0.428,63,0.124,64,-0.381,65,-0.202,75,-0.659,76,-0.973,82,-0.416,86,-0.0516,94,0.379,96,-0.533
0.698,0.65,0.412,0.318,0.239,Mon Jun 25 18:41:48 2018,SL.caret,1,2,ifs C1 & C2 on C1,ignore,none,asis,ALTA,carEnstest4,2,5,403,296,222,0.9088,0.9261,random,NA,nohyperparameters,1,10,no rep,no min,,,,,,0,2,0.393,3,-0.871,4,0.362,13,0.764,20,0.226,31,-0.854,38,-0.129,46,0.121,47,0.803,51,0.954,55,0.381,63,0.235,64,-0.657,65,-0.267,75,-0.734,76,-1.01,82,-1.13,86,1.27,94,0.627,96,-0.638
0.331,0.227,0.742,0.702,0.529,Mon Jun 25 18:42:25 2018,SL.caret.rpart,1,2,ifs C1 & C2 on C1,ignore,none,asis,ALTA,carEnstest4,2,5,403,624,222,0.9088,0.9261,random,NA,nohyperparameters,1,10,no rep,no min,,,,,,0,2,0.521,3,-0.714,4,0.521,13,0.521,20,0.521,31,-0.714,38,0.521,46,0.376,47,0.521,51,0.521,55,0.521,63,0.521,64,-0.714,65,0.376,75,0.376,76,0.376,82,-0.714,86,0.376,94,0.521,96,-0.714
0.309,0.204,0.669,0.724,0.546,Mon Jun 25 18:42:34 2018,SL.cforest,1,2,ifs C1 & C2 on C1,ignore,none,asis,ALTA,carEnstest4,2,5,403,12,222,0.9088,0.9261,random,NA,nohyperparameters,1,10,no rep,no min,,,,,,0,2,0.321,3,-0.0898,4,0.26,13,0.407,20,0.336,31,-0.0691,38,0.129,46,-0.113,47,0.384,51,0.359,55,0.344,63,0.134,64,-0.294,65,-0.178,75,-0.246,76,-0.352,82,-0.242,86,0.137,94,0.365,96,-0.384
Fail,Fail,Fail,Fail,Fail,Mon Jun 25 18:43:26 2018,SL.dbarts,1,2,ifs C1 & C2 on C1,ignore,none,asis,ALTA,carEnstest4,2,5,403,77,222,NA
0.621,0.564,0.506,0.397,0.3,Mon Jun 25 18:43:30 2018,SL.earth,1,2,ifs C1 & C2 on C1,ignore,none,asis,ALTA,carEnstest4,2,5,403,80,222,0.9088,0.9261,random,NA,nohyperparameters,1,10,no rep,no min,,,,,,0,2,0.247,3,-1.57,4,0.202,13,1.05,20,0.353,31,-1.36,38,0.049,46,-0.317,47,0.729,51,1.08,55,0.638,63,0.38,64,-0.788,65,-1.06,75,-0.865,76,-1.54,82,-0.979,86,2.36,94,0.897,96,0.384
0.419,0.389,0.519,0.556,0.46,Mon Jun 25 18:43:32 2018,SL.extraTrees,1,2,ifs C1 & C2 on C1,ignore,none,asis,ALTA,carEnstest4,2,5,403,124,222,0.9088,0.9261,random,NA,nohyperparameters,1,10,no rep,no min,,,,,,0,2,0.335,3,-0.335,4,0.223,13,0.499,20,0.261,31,-0.469,38,0.327,46,0.082,47,0.597,51,0.586,55,0.114,63,0.0146,64,-0.311,65,-0.241,75,-0.31,76,-0.634,82,-0.529,86,0.849,94,0.284,96,-0.438
0.388,0.342,0.705,0.598,0.484,Mon Jun 25 18:43:35 2018,SL.gam,1,2,ifs C1 & C2 on C1,ignore,none,asis,ALTA,carEnstest4,2,5,403,80,222,0.9088,0.9261,random,NA,nohyperparameters,1,10,no rep,no min,,,,,,0,2,0.44,3,-0.271,4,0.757,13,0.56,20,0.302,31,-0.524,38,0.279,46,-0.179,47,0.835,51,0.243,55,0.59,63,-0.0214,64,-0.395,65,-0.319,75,-0.681,76,-1.28,82,-0.516,86,0.737,94,0.0495,96,-0.637
0.508,0.416,0.594,0.531,0.389,Mon Jun 25 18:45:50 2018,SL.gbm,1,2,ifs C1 & C2 on C1,ignore,none,asis,ALTA,carEnstest4,2,5,403,7,222,0.9088,0.9261,random,NA,nohyperparameters,1,10,no rep,no min,,,,,,0,2,0.558,3,-0.575,4,0.953,13,0.906,20,0.621,31,-0.856,38,-0.191,46,-0.222,47,1.26,51,0.681,55,0.465,63,-0.121,64,-0.302,65,-0.583,75,-0.947,76,-1.09,82,-0.724,86,0.381,94,0.454,96,-0.797
0.364,0.25,0.742,0.682,0.503,Mon Jun 25 18:45:54 2018,SL.glm,1,2,ifs C1 & C2 on C1,ignore,none,asis,ALTA,carEnstest4,2,5,403,80,222,0.9088,0.9261,random,NA,nohyperparameters,1,10,no rep,no min,,,,,,0,2,0.477,3,-0.323,4,0.541,13,0.614,20,0.246,31,-0.33,38,-0.231,46,-0.311,47,0.824,51,0.0277,55,0.311,63,0.209,64,-0.238,65,-0.321,75,-0.983,76,-1.28,82,-0.32,86,0.147,94,0.29,96,-0.674
0.225,0.147,0.631,0.776,0.613,Mon Jun 25 18:45:55 2018,SL.glm.interaction,1,2,ifs C1 & C2 on C1,ignore,none,asis,ALTA,carEnstest4,2,5,403,80,222,0.9088,0.9261,random,NA,nohyperparameters,1,10,no rep,no min,,,,,,0,2,-0.0629,3,-1.73,4,-0.187,13,0.245,20,0.876,31,-2.09,38,-0.408,46,-0.0429,47,0.546,51,0.62,55,0.908,63,0.374,64,-0.961,65,-0.685,75,-1.78,76,-0.896,82,0.3,86,3.13,94,-0.734,96,-1.15
0.339,0.207,0.679,0.721,0.523,Mon Jun 25 18:46:00 2018,SL.glmnet,1,2,ifs C1 & C2 on C1,ignore,none,asis,ALTA,carEnstest4,2,5,403,256,222,0.9088,0.9261,random,NA,nohyperparameters,1,10,no rep,no min,,,,,,0,2,0.171,3,-0.221,4,0.328,13,0.432,20,0.153,31,-0.316,38,0.0538,46,-0.173,47,0.491,51,0.147,55,0.407,63,0.121,64,-0.359,65,-0.182,75,-0.604,76,-0.896,82,-0.394,86,-0.0891,94,0.363,96,-0.466
0.607,0.403,0.456,0.543,0.311,Mon Jun 25 18:46:21 2018,SL.ipredbagg,1,2,ifs C1 & C2 on C1,ignore,none,asis,ALTA,carEnstest4,2,5,403,208,222,0.9088,0.9261,random,NA,nohyperparameters,1,10,no rep,no min,,,,,,0,2,0.385,3,-0.801,4,0.363,13,0.79,20,0.148,31,-0.783,38,-0.115,46,-0.0105,47,0.798,51,0.993,55,0.408,63,0.242,64,-0.6,65,-0.233,75,-0.623,76,-0.687,82,-0.988,86,0.00697,94,0.643,96,-0.526
0.181,0.145,0.63,0.777,0.647,Mon Jun 25 18:46:22 2018,SL.kernelKnn,1,2,ifs C1 & C2 on C1,ignore,none,asis,ALTA,carEnstest4,2,5,403,80,222,0.9088,0.9261,random,NA,nohyperparameters,1,10,no rep,no min,,,,,,0,2,-0.0512,3,-0.367,4,-0.144,13,0.186,20,0.0295,31,-0.345,38,0.0609,46,-0.142,47,0.0665,51,0.169,55,-0.337,63,-0.0576,64,-0.458,65,-0.042,75,-0.509,76,-0.72,82,0.148,86,0.517,94,-0.164,96,-0.516
Fail,Fail,Fail,Fail,Fail,Mon Jun 25 18:46:23 2018,SL.knn,1,2,ifs C1 & C2 on C1,ignore,none,asis,ALTA,carEnstest4,2,5,403,80,222,NA
0.415,0.367,0.518,0.575,0.462,Mon Jun 25 18:46:24 2018,SL.ksvm,1,2,ifs C1 & C2 on C1,ignore,none,asis,ALTA,carEnstest4,2,5,403,256,222,0.9088,0.9261,random,NA,nohyperparameters,1,10,no rep,no min,,,,,,0,2,0.262,3,-0.562,4,0.239,13,0.585,20,0.202,31,-0.707,38,0.106,46,-0.101,47,0.696,51,0.731,55,-0.0343,63,0.0849,64,-0.444,65,-0.43,75,-0.793,76,-1.2,82,-0.331,86,0.529,94,0.136,96,-0.313
Fail,Fail,Fail,Fail,Fail,Mon Jun 25 18:46:25 2018,SL.lda,1,2,ifs C1 & C2 on C1,ignore,none,asis,ALTA,carEnstest4,2,5,403,80,222,NA
Fail,Fail,Fail,Fail,Fail,Mon Jun 25 18:46:26 2018,SL.leekasso,1,2,ifs C1 & C2 on C1,ignore,none,asis,ALTA,carEnstest4,2,5,403,80,222,NA
0.364,0.25,0.742,0.682,0.503,Mon Jun 25 18:46:27 2018,SL.lm,1,2,ifs C1 & C2 on C1,ignore,none,asis,ALTA,carEnstest4,2,5,403,80,222,0.9088,0.9261,random,NA,nohyperparameters,1,10,no rep,no min,,,,,,0,2,0.477,3,-0.323,4,0.541,13,0.614,20,0.246,31,-0.33,38,-0.231,46,-0.311,47,0.824,51,0.0277,55,0.311,63,0.209,64,-0.238,65,-0.321,75,-0.983,76,-1.28,82,-0.32,86,0.147,94,0.29,96,-0.674
Fail,Fail,Fail,Fail,Fail,Mon Jun 25 18:46:28 2018,SL.loess,1,2,ifs C1 & C2 on C1,ignore,none,asis,ALTA,carEnstest4,2,5,403,80,222,NA
Fail,Fail,Fail,Fail,Fail,Mon Jun 25 18:46:29 2018,SL.logreg,1,2,ifs C1 & C2 on C1,ignore,none,asis,ALTA,carEnstest4,2,5,403,624,222,NA
Fail,Fail,Fail,Fail,Fail,Mon Jun 25 18:46:29 2018,SL.mean,1,2,ifs C1 & C2 on C1,ignore,none,asis,ALTA,carEnstest4,2,5,403,80,222,NA
-0.139,-0.821,1.01,1.65,0.9,Mon Jun 25 18:46:30 2018,SL.nnet,1,2,ifs C1 & C2 on C1,ignore,none,asis,ALTA,carEnstest4,2,5,403,333,222,0.9088,0.9261,random,NA,nohyperparameters,1,10,no rep,no min,,,,,,0,2,0.547,3,-0.696,4,0.263,13,0.475,20,0.532,31,-0.617,38,2.22,46,2.36,47,0.529,51,6.99,55,0.528,63,-0.574,64,-0.687,65,-1.13,75,-0.688,76,-0.698,82,-0.54,86,0.437,94,0.442,96,-0.655
0.404,0.295,0.654,0.641,0.471,Mon Jun 25 18:46:30 2018,SL.nnls,1,2,ifs C1 & C2 on C1,ignore,none,asis,ALTA,carEnstest4,2,5,403,80,222,0.9088,0.9261,random,NA,nohyperparameters,1,10,no rep,no min,,,,,,0,2,0.317,3,-0.398,4,0.454,13,0.612,20,0.378,31,-0.481,38,-0.127,46,-0.289,47,0.762,51,0.0951,55,0.506,63,0.0697,64,-0.384,65,-0.325,75,-0.912,76,-1.34,82,-0.506,86,0.166,94,0.474,96,-0.743
0.405,0.247,1.44,0.684,0.47,Mon Jun 25 18:46:32 2018,SL.polymars,1,2,ifs C1 & C2 on C1,ignore,none,asis,ALTA,carEnstest4,2,5,403,80,222,0.9088,0.9261,random,NA,nohyperparameters,1,10,no rep,no min,,,,,,0,2,0.254,3,-0.254,4,0.376,13,0.624,20,0.281,31,-0.752,38,-0.108,46,-0.437,47,0.784,51,0.51,55,0.483,63,0.107,64,-0.82,65,-0.436,75,-2.28,76,-2.29,82,-0.356,86,2.08,94,0.343,96,-0.706
Fail,Fail,Fail,Fail,Fail,Mon Jun 25 18:46:34 2018,SL.qda,1,2,ifs C1 & C2 on C1,ignore,none,asis,ALTA,carEnstest4,2,5,403,80,222,NA
0.465,0.43,0.518,0.518,0.423,Mon Jun 25 18:46:39 2018,SL.randomForest,1,2,ifs C1 & C2 on C1,ignore,none,asis,ALTA,carEnstest4,2,5,403,517,222,0.9088,0.9261,random,NA,nohyperparameters,1,10,no rep,no min,,,,,,0,2,0.411,3,-0.499,4,0.253,13,0.518,20,0.291,31,-0.453,38,0.393,46,0.0919,47,0.525,51,0.685,55,0.155,63,0.0225,64,-0.39,65,-0.265,75,-0.313,76,-0.635,82,-0.758,86,0.88,94,0.355,96,-0.444
0.471,0.44,0.528,0.509,0.418,Mon Jun 25 18:46:43 2018,SL.ranger,1,2,ifs C1 & C2 on C1,ignore,none,asis,ALTA,carEnstest4,2,5,403,103,222,0.9088,0.9261,random,NA,nohyperparameters,1,10,no rep,no min,,,,,,0,2,0.451,3,-0.482,4,0.259,13,0.551,20,0.277,31,-0.429,38,0.304,46,0.149,47,0.569,51,0.639,55,0.219,63,-0.00881,64,-0.362,65,-0.246,75,-0.281,76,-0.659,82,-0.841,86,0.872,94,0.38,96,-0.492
0.355,0.234,0.732,0.696,0.51,Mon Jun 25 18:46:44 2018,SL.ridge,1,2,ifs C1 & C2 on C1,ignore,none,asis,ALTA,carEnstest4,2,5,403,80,222,0.9088,0.9261,random,NA,nohyperparameters,1,10,no rep,no min,,,,,,0,2,0.398,3,-0.251,4,0.379,13,0.51,20,0.224,31,-0.194,38,-0.0604,46,-0.237,47,0.616,51,0.0624,55,0.272,63,0.151,64,-0.212,65,-0.222,75,-0.716,76,-0.992,82,-0.311,86,0.127,94,0.299,96,-0.6
0.367,0.268,0.441,0.665,0.5,Mon Jun 25 18:46:45 2018,SL.rpart,1,2,ifs C1 & C2 on C1,ignore,none,asis,ALTA,carEnstest4,2,5,403,80,222,0.9088,0.9261,random,NA,nohyperparameters,1,10,no rep,no min,,,,,,0,2,0.53,3,-1.16,4,0.53,13,0.53,20,-0.363,31,-1.16,38,-0.363,46,0.376,47,0.53,51,1.39,55,0.53,63,0.53,64,-0.296,65,0.376,75,0.376,76,0.376,82,-1.16,86,0.376,94,0.53,96,-0.296
0.367,0.268,0.609,0.665,0.5,Mon Jun 25 18:46:46 2018,SL.rpartPrune,1,2,ifs C1 & C2 on C1,ignore,none,asis,ALTA,carEnstest4,2,5,403,256,222,0.9088,0.9261,random,NA,nohyperparameters,1,10,no rep,no min,,,,,,0,2,0.53,3,-1.16,4,0.53,13,0.53,20,-0.363,31,-1.16,38,-0.363,46,0.376,47,0.53,51,1.39,55,0.53,63,0.53,64,-0.296,65,0.376,75,0.376,76,0.376,82,-1.16,86,0.376,94,0.53,96,-0.296
0.364,0.25,0.742,0.682,0.503,Mon Jun 25 18:46:48 2018,SL.speedglm,1,2,ifs C1 & C2 on C1,ignore,none,asis,ALTA,carEnstest4,2,5,403,158,222,0.9088,0.9261,random,NA,nohyperparameters,1,10,no rep,no min,,,,,,0,2,0.477,3,-0.323,4,0.541,13,0.614,20,0.246,31,-0.33,38,-0.231,46,-0.311,47,0.824,51,0.0277,55,0.311,63,0.209,64,-0.238,65,-0.321,75,-0.983,76,-1.28,82,-0.32,86,0.147,94,0.29,96,-0.674
0.364,0.25,0.742,0.682,0.503,Mon Jun 25 18:46:49 2018,SL.speedlm,1,2,ifs C1 & C2 on C1,ignore,none,asis,ALTA,carEnstest4,2,5,403,158,222,0.9088,0.9261,random,NA,nohyperparameters,1,10,no rep,no min,,,,,,0,2,0.477,3,-0.323,4,0.541,13,0.614,20,0.246,31,-0.33,38,-0.231,46,-0.311,47,0.824,51,0.0277,55,0.311,63,0.209,64,-0.238,65,-0.321,75,-0.983,76,-1.28,82,-0.32,86,0.147,94,0.29,96,-0.674
0.372,0.246,0.674,0.685,0.497,Mon Jun 25 18:46:54 2018,SL.step,1,2,ifs C1 & C2 on C1,ignore,none,asis,ALTA,carEnstest4,2,5,403,80,222,0.9088,0.9261,random,NA,nohyperparameters,1,10,no rep,no min,,,,,,0,2,0.239,3,-0.198,4,0.509,13,0.593,20,0.238,31,-0.386,38,0.0386,46,-0.236,47,0.697,51,0.106,55,0.562,63,0.169,64,-0.503,65,-0.293,75,-0.817,76,-1.23,82,-0.458,86,0.017,94,0.514,96,-0.685
0.372,0.246,0.674,0.685,0.497,Mon Jun 25 18:46:57 2018,SL.step.forward,1,2,ifs C1 & C2 on C1,ignore,none,asis,ALTA,carEnstest4,2,5,403,80,222,0.9088,0.9261,random,NA,nohyperparameters,1,10,no rep,no min,,,,,,0,2,0.239,3,-0.198,4,0.509,13,0.593,20,0.238,31,-0.386,38,0.0386,46,-0.236,47,0.697,51,0.106,55,0.562,63,0.169,64,-0.503,65,-0.293,75,-0.817,76,-1.23,82,-0.458,86,0.017,94,0.514,96,-0.685
0.622,0.589,0.695,0.374,0.299,Mon Jun 25 18:47:18 2018,SL.step.interaction,1,2,ifs C1 & C2 on C1,ignore,none,asis,ALTA,carEnstest4,2,5,403,80,222,0.9088,0.9261,random,NA,nohyperparameters,1,10,no rep,no min,,,,,,0,2,0.421,3,-0.767,4,0.417,13,0.681,20,1.02,31,-1.32,38,-0.161,46,-0.173,47,0.86,51,0.678,55,0.324,63,0.449,64,-1.11,65,-0.543,75,-0.598,76,-1.06,82,-0.571,86,1.8,94,0.0513,96,-0.742
0.372,0.246,0.62,0.685,0.497,Mon Jun 25 18:47:21 2018,SL.stepAIC,1,2,ifs C1 & C2 on C1,ignore,none,asis,ALTA,carEnstest4,2,5,403,80,222,0.9088,0.9261,random,NA,nohyperparameters,1,10,no rep,no min,,,,,,0,2,0.239,3,-0.198,4,0.509,13,0.593,20,0.238,31,-0.386,38,0.0386,46,-0.236,47,0.697,51,0.106,55,0.562,63,0.169,64,-0.503,65,-0.293,75,-0.817,76,-1.23,82,-0.458,86,0.017,94,0.514,96,-0.685
0.357,0.327,0.568,0.612,0.508,Mon Jun 25 18:47:23 2018,SL.svm,1,2,ifs C1 & C2 on C1,ignore,none,asis,ALTA,carEnstest4,2,5,403,80,222,0.9088,0.9261,random,NA,nohyperparameters,1,10,no rep,no min,,,,,,0,2,0.0907,3,-0.496,4,0.207,13,0.471,20,0.22,31,-0.525,38,0.27,46,0.108,47,0.575,51,0.73,55,-0.00482,63,0.106,64,-0.399,65,-0.414,75,-0.593,76,-1.01,82,-0.222,86,0.597,94,0.0551,96,-0.18
Fail,Fail,Fail,Fail,Fail,Mon Jun 25 18:47:23 2018,SL.template,1,2,ifs C1 & C2 on C1,ignore,none,asis,ALTA,carEnstest4,2,5,403,80,222,NA
0.658,0.64,0.288,0.327,0.27,Mon Jun 25 18:47:54 2018,SL.xgboost,1,2,ifs C1 & C2 on C1,ignore,none,asis,ALTA,carEnstest4,2,5,403,96,222,0.9088,0.9261,random,NA,nohyperparameters,1,10,no rep,no min,,,,,,0,2,0.487,3,-0.909,4,0.53,13,1.07,20,0.924,31,-0.912,38,-0.866,46,0.457,47,1.15,51,1.06,55,-0.046,63,0.189,64,-0.499,65,-0.438,75,-0.844,76,-0.838,82,-1.04,86,1.47,94,0.567,96,-0.973
1,1,-1,0.000922,0.00045,Wed Jun 27 22:22:19 2018,perfect,1,2,ifs C1 & C2 on C1,ignore,none,asis,ALTA,carEnstest4,2,5,403,100,222,0.9088,0.9261,random,NA,nohyperparameters,1,10,no rep,no min,,,,,,0,2,0.405,3,-1.21,4,0.368,13,1.03,20,0.531,31,-1.02,38,-0.561,46,-0.172,47,1,51,1.08,55,0.369,63,0.308,64,-0.689,65,-0.896,75,-0.389,76,-0.786,82,-1.44,86,2.11,94,0.762,96,-0.685
0.699,0.704,-1,0.269,0.238,Wed Jun 27 22:28:53 2018,caretEnsGreedyGlm,1,2,ifs C1 & C2 on C1,ignore,none,asis,ALTA,carEnstest4,2,5,403,624,222,0.9088,0.9261,random,NA,cv,10,10,NA,5,,,,,,0,2,0.267,3,-1.14,4,0.429,13,0.837,20,0.87,31,-1.42,38,-0.179,46,-0.3,47,0.883,51,1.35,55,0.162,63,0.0678,64,-0.544,65,-1.14,75,-0.83,76,-0.675,82,-1.17,86,2.65,94,0.478,96,-0.509
0.66,0.659,-1,0.31,0.269,Wed Jun 27 22:29:57 2018,caretEnstk rpart,1,2,ifs C1 & C2 on C1,ignore,none,asis,ALTA,carEnstest4,2,5,403,624,222,0.9088,0.9261,random,NA,cv,10,10,NA,5,,,,,,0,2,0.784,3,-1.02,4,0.784,13,0.784,20,0.784,31,-1.02,38,-0.514,46,-0.514,47,0.784,51,0.784,55,0.136,63,0.136,64,-1.02,65,-1.02,75,-1.02,76,-1.02,82,-1.02,86,1.63,94,0.784,96,-1.02
0.699,0.704,-1,0.269,0.238,Wed Jun 27 22:30:10 2018,caretEnstk glm,1,2,ifs C1 & C2 on C1,ignore,none,asis,ALTA,carEnstest4,2,5,403,624,222,0.9088,0.9261,random,NA,cv,10,10,NA,5,,,,,,0,2,0.267,3,-1.14,4,0.429,13,0.837,20,0.87,31,-1.42,38,-0.179,46,-0.3,47,0.883,51,1.35,55,0.162,63,0.0678,64,-0.544,65,-1.14,75,-0.83,76,-0.675,82,-1.17,86,2.65,94,0.478,96,-0.509
0.87,0.811,-1,0.172,0.102,Wed Jun 27 22:31:19 2018,caretEnstk cubist,1,2,ifs C1 & C2 on C1,ignore,none,asis,ALTA,carEnstest4,2,5,403,1,222,0.9088,0.9261,random,NA,cv,10,10,NA,5,,,,,,0,2,0.391,3,-1.2,4,0.369,13,0.981,20,0.582,31,-1.01,38,-0.536,46,-0.285,47,0.966,51,1.1,55,0.292,63,0.389,64,-0.754,65,-0.992,75,-0.408,76,-0.228,82,-1.13,86,2.34,94,0.767,96,-0.402
0.468,0.152,-1,0.771,0.421,Wed Jun 27 22:31:40 2018,caretEnstk earth,1,2,ifs C1 & C2 on C1,ignore,none,asis,ALTA,carEnstest4,2,5,403,624,222,0.9088,0.9261,random,NA,cv,10,10,NA,5,,,,,,0,2,0.354,3,-1.73,4,0.214,13,0.898,20,0.595,31,-0.725,38,-0.387,46,-0.553,47,0.794,51,1.08,55,0.418,63,0.353,64,-0.415,65,-1.31,75,-1.71,76,-3.71,82,-1.74,86,1.41,94,0.703,96,-1.03
0.853,0.814,-1,0.17,0.117,Wed Jun 27 22:37:35 2018,caretEnstk bagEarth,1,2,ifs C1 & C2 on C1,ignore,none,asis,ALTA,carEnstest4,2,5,403,256,222,0.9088,0.9261,random,NA,cv,10,10,NA,5,,,,,,0,2,0.376,3,-1.28,4,0.412,13,0.994,20,0.755,31,-1.21,38,-0.485,46,-0.202,47,0.98,51,1.16,55,0.321,63,0.313,64,-0.679,65,-0.996,75,-0.79,76,-0.571,82,-1.08,86,2.45,94,0.737,96,-0.714
0.807,0.779,-1,0.201,0.152,Wed Jun 27 22:37:50 2018,caretEnstk lasso,1,2,ifs C1 & C2 on C1,ignore,none,asis,ALTA,carEnstest4,2,5,403,624,222,0.9088,0.9261,random,NA,cv,10,10,NA,5,,,,,,0,2,0.294,3,-1.11,4,0.334,13,0.853,20,0.819,31,-1.18,38,-0.261,46,-0.0957,47,0.889,51,1.08,55,0.356,63,0.23,64,-0.575,65,-0.912,75,-0.844,76,-0.833,82,-1.03,86,2.42,94,0.548,96,-0.654
0.844,0.791,-1,0.19,0.124,Wed Jun 27 22:42:15 2018,caretEnstk Rborist,1,2,ifs C1 & C2 on C1,ignore,none,asis,ALTA,carEnstest4,2,5,403,548,222,0.9088,0.9261,random,NA,cv,10,10,NA,5,,,,,,0,2,0.405,3,-1.21,4,0.34,13,0.936,20,0.77,31,-1.04,38,-0.456,46,-0.298,47,1.02,51,1.15,55,0.336,63,0.2,64,-0.743,65,-0.8,75,-0.759,76,-0.37,82,-1.36,86,1.59,94,0.731,96,-0.63
0.86,0.715,-1,0.259,0.111,Wed Jun 27 22:42:33 2018,caretEnstk rlm,1,2,ifs C1 & C2 on C1,ignore,none,asis,ALTA,carEnstest4,2,5,403,624,222,0.9088,0.9261,random,NA,cv,10,10,NA,5,,,,,,0,2,0.427,3,-1.23,4,0.373,13,1.01,20,0.549,31,-1.03,38,-0.592,46,-0.175,47,1.01,51,1.09,55,0.38,63,0.333,64,-0.681,65,-0.889,75,-0.0481,76,0.216,82,-1.13,86,2.46,94,0.763,96,-0.683
0.301,0.248,-1,0.683,0.552,Wed Jun 27 22:43:25 2018,caretEnstk nnet,1,2,ifs C1 & C2 on C1,ignore,none,asis,ALTA,carEnstest4,2,5,403,193,222,0.9088,0.9261,random,NA,cv,10,10,NA,5,,,,,,0,2,0.587,3,0,4,0.574,13,0.868,20,0.983,31,0,38,1.13e-05,46,0.0529,47,0.702,51,1,55,0.378,63,0.694,64,3.99e-07,65,0,75,0.00193,76,0.00851,82,0,86,0.986,94,0.997,96,3.69e-06
0.344,0.259,-1,0.673,0.519,Wed Jun 27 22:44:05 2018,caretEnstk pcaNNet,1,2,ifs C1 & C2 on C1,ignore,none,asis,ALTA,carEnstest4,2,5,403,321,222,0.9088,0.9261,random,NA,cv,10,10,NA,5,,,,,,0,2,0.754,3,9.86e-06,4,0.32,13,0.912,20,0.975,31,1.38e-05,38,0.000383,46,0.0181,47,0.868,51,0.999,55,0.276,63,0.235,64,0.000584,65,9.83e-05,75,0.000522,76,0.00207,82,0.000178,86,1,94,0.707,96,0.00102
0.306,0.251,-1,0.68,0.549,Wed Jun 27 22:47:19 2018,caretEnstk avNNet,1,2,ifs C1 & C2 on C1,ignore,none,asis,ALTA,carEnstest4,2,5,403,409,222,0.9088,0.9261,random,NA,cv,10,10,NA,5,,,,,,0,2,0.484,3,5.07e-07,4,0.454,13,0.857,20,0.975,31,5.08e-07,38,6.85e-06,46,0.00981,47,0.733,51,0.999,55,0.743,63,0.596,64,2.97e-06,65,1.55e-06,75,0.00114,76,0.0011,82,9.96e-07,86,0.999,94,0.969,96,5.41e-06
0.841,0.835,-1,0.15,0.126,Wed Jun 27 22:47:35 2018,caretEnstk pcr,1,2,ifs C1 & C2 on C1,ignore,none,asis,ALTA,carEnstest4,2,5,403,624,222,0.9088,0.9261,random,NA,cv,10,10,NA,5,,,,,,0,2,0.438,3,-1.26,4,0.4,13,0.932,20,0.63,31,-1.21,38,-0.26,46,0.00194,47,0.923,51,1.22,55,0.51,63,0.242,64,-0.751,65,-0.691,75,-0.377,76,-0.489,82,-1.21,86,2.26,94,0.674,96,-0.617
0.756,0.726,-1,0.249,0.193,Wed Jun 27 22:47:53 2018,caretEnstk ppr,1,2,ifs C1 & C2 on C1,ignore,none,asis,ALTA,carEnstest4,2,5,403,624,222,0.9088,0.9261,random,NA,cv,10,10,NA,5,,,,,,0,2,0.422,3,-1.14,4,0.571,13,0.984,20,0.978,31,-1.44,38,-0.481,46,-0.475,47,0.982,51,1.37,55,0.256,63,0.231,64,-0.494,65,-1.12,75,-0.981,76,-0.784,82,-1.12,86,2.17,94,0.574,96,-0.491
0.731,0.656,-1,0.312,0.213,Wed Jun 27 22:48:09 2018,caretEnstk enet,1,2,ifs C1 & C2 on C1,ignore,none,asis,ALTA,carEnstest4,2,5,403,624,222,0.9088,0.9261,random,NA,cv,10,10,NA,5,,,,,,0,2,0.402,3,-1.44,4,0.371,13,1,20,0.975,31,-1.51,38,-0.203,46,-0.0418,47,1.04,51,1.44,55,0.423,63,0.208,64,-0.733,65,-0.95,75,-0.856,76,-0.907,82,-1.32,86,3.05,94,0.618,96,-0.793
0.727,0.703,-1,0.27,0.216,Wed Jun 27 22:49:06 2018,caretEnstk blassoAveraged,1,2,ifs C1 & C2 on C1,ignore,none,asis,ALTA,carEnstest4,2,5,403,213,222,0.9088,0.9261,random,NA,cv,10,10,NA,5,,,,,,0,2,0.243,3,-1.28,4,0.281,13,0.823,20,0.974,31,-1.38,38,-0.189,46,-0.0816,47,0.856,51,1.3,55,0.273,63,0.167,64,-0.57,65,-0.964,75,-0.865,76,-0.804,82,-1.19,86,2.76,94,0.482,96,-0.604
0.692,0.661,-1,0.308,0.244,Wed Jun 27 22:49:22 2018,caretEnstk leapBackward,1,2,ifs C1 & C2 on C1,ignore,none,asis,ALTA,carEnstest4,2,5,403,624,222,0.9088,0.9261,random,NA,cv,10,10,NA,5,,,,,,0,2,0.252,3,-1.24,4,0.405,13,0.883,20,0.937,31,-1.47,38,-0.063,46,-0.193,47,0.938,51,1.41,55,0.178,63,0.0621,64,-0.621,65,-1.2,75,-0.917,76,-0.912,82,-1.34,86,2.82,94,0.471,96,-0.506
0.754,0.73,-1,0.245,0.195,Wed Jun 27 22:51:44 2018,caretEnstk BstLm,1,2,ifs C1 & C2 on C1,ignore,none,asis,ALTA,carEnstest4,2,5,403,624,222,0.9088,0.9261,random,NA,cv,10,10,NA,5,,,,,,0,2,0.247,3,-1.26,4,0.247,13,0.814,20,0.925,31,-1.32,38,-0.259,46,-0.0706,47,0.853,51,1.2,55,0.277,63,0.212,64,-0.566,65,-0.966,75,-0.85,76,-0.77,82,-1.16,86,2.69,94,0.515,96,-0.673
0.823,0.799,-1,0.182,0.14,Wed Jun 27 22:54:32 2018,caretEnstk gamboost,1,2,ifs C1 & C2 on C1,ignore,none,asis,ALTA,carEnstest4,2,5,403,624,222,0.9088,0.9261,random,NA,cv,10,10,NA,5,,,,,,0,2,0.352,3,-1.07,4,0.407,13,0.929,20,0.821,31,-1.13,38,-0.286,46,-0.222,47,0.946,51,1.1,55,0.504,63,0.21,64,-0.742,65,-0.91,75,-0.768,76,-0.528,82,-1.03,86,1.93,94,0.644,96,-0.666
0.669,0.608,-1,0.357,0.262,Wed Jun 27 22:59:20 2018,caretEnstk xgbTree,1,2,ifs C1 & C2 on C1,ignore,none,asis,ALTA,carEnstest4,2,5,403,237,222,0.9088,0.9261,random,NA,cv,10,10,NA,5,,,,,,0,2,0.494,3,-0.902,4,0.494,13,0.797,20,0.686,31,-0.902,38,-0.256,46,-0.383,47,0.797,51,0.957,55,0.563,63,0.26,64,-0.541,65,-0.784,75,-0.783,76,-0.232,82,-0.902,86,0.978,94,0.656,96,-0.541
0.839,0.798,-1,0.183,0.128,Wed Jun 27 23:09:26 2018,caretEnstk svmLinear2,1,2,ifs C1 & C2 on C1,ignore,none,asis,ALTA,carEnstest4,2,5,403,624,222,0.9088,0.9261,random,NA,cv,10,10,NA,5,,,,,,0,2,0.289,3,-1.32,4,0.296,13,0.948,20,0.751,31,-1.18,38,-0.349,46,-0.207,47,0.912,51,1.24,55,0.386,63,0.271,64,-0.647,65,-0.863,75,-0.361,76,-0.177,82,-1.27,86,2.38,94,0.697,96,-0.659
0.687,0.636,-1,0.331,0.248,Wed Jun 27 23:09:52 2018,caretEnstk kknn,1,2,ifs C1 & C2 on C1,ignore,none,asis,ALTA,carEnstest4,2,5,403,624,222,0.9088,0.9261,random,NA,cv,10,10,NA,5,,,,,,0,2,0.639,3,-1.04,4,0.46,13,0.803,20,0.633,31,-1.04,38,-0.147,46,-0.232,47,0.583,51,1.15,55,0.48,63,0.156,64,-0.753,65,-0.622,75,-0.51,76,-0.375,82,-0.864,86,1.14,94,0.48,96,-0.5
0.729,0.681,-1,0.29,0.215,Wed Jun 27 23:10:04 2018,caretEnstk knn,1,2,ifs C1 & C2 on C1,ignore,none,asis,ALTA,carEnstest4,2,5,403,624,222,0.9088,0.9261,random,NA,cv,10,10,NA,5,,,,,,0,2,0.514,3,-0.925,4,0.458,13,0.893,20,0.76,31,-1.11,38,-0.66,46,-0.347,47,0.726,51,1.18,55,0.648,63,0.268,64,-0.648,65,-0.695,75,-0.255,76,-0.131,82,-0.992,86,1.34,94,0.812,96,-0.774
0.235,0.268,0.797,0.666,0.605,Wed Jun 27 23:12:24 2018,h2oAutoml 1,1,2,ifs C1 & C2 on C1,ignore,none,asis,ALTA,carEnstest4,2,5,403,6,222,0.9088,0.9261,random,NA,cv,10,10,NA,5,,,,,,0,2,0.277,3,-0.366,4,0.178,13,0.15,20,0.202,31,-0.336,38,0.329,46,0.305,47,0.192,51,0.52,55,0.0989,63,0.0658,64,-0.247,65,-0.102,75,0.225,76,-0.141,82,-0.51,86,0.901,94,0.15,96,-0.137
0.48,0.332,0.683,0.607,0.412,Wed Jun 27 23:22:42 2018,h2oAutoml 10,1,2,ifs C1 & C2 on C1,ignore,none,asis,ALTA,carEnstest4,2,5,403,6,222,0.9088,0.9261,random,NA,cv,10,10,NA,5,,,,,,0,2,0.183,3,-1.31,4,0.345,13,0.572,20,0.711,31,-1.53,38,0.485,46,-0.0582,47,0.76,51,0.94,55,0.109,63,-0.138,64,-0.457,65,-0.405,75,-0.506,76,-0.698,82,0.387,86,1.86,94,-0.497,96,-0.466
0.443,0.328,0.658,0.61,0.44,Thu Jun 28 01:03:01 2018,h2oAutoml 100,1,2,ifs C1 & C2 on C1,ignore,none,asis,ALTA,carEnstest4,2,5,403,6,222,0.9088,0.9261,random,NA,cv,10,10,NA,5,,,,,,0,2,0.424,3,-1.14,4,0.0828,13,0.48,20,0.717,31,-1.13,38,0.66,46,0.491,47,0.441,51,1.03,55,0.228,63,-0.146,64,-0.381,65,-0.372,75,-0.345,76,-0.801,82,0.0527,86,2.49,94,-0.493,96,-0.212
0.637,0.505,0.613,0.45,0.287,Thu Jun 28 06:03:29 2018,h2oAutoml 300,1,2,ifs C1 & C2 on C1,ignore,none,asis,ALTA,carEnstest4,2,5,403,6,222,0.9088,0.9261,random,NA,cv,10,10,NA,5,,,,,,0,2,0.245,3,-1.45,4,0.3,13,0.867,20,0.803,31,-1.1,38,-0.975,46,-0.551,47,0.973,51,1.1,55,0.32,63,0.323,64,-0.625,65,-0.914,75,-1.68,76,-1.43,82,-0.314,86,2.25,94,0.527,96,-0.353
1,1,-1,0.00129,0.00106,Thu Jun 28 06:03:38 2018,perfect,1,1,ifs C1 & C2 on C1,ignore,none,range01,ALTA,carEnstest4,1,5,403,100,222,0.9,0.2067,random,NA,nohyperparameters,1,10,no rep,no min,,,,,,0,5,0.668,6,0.249,8,0.782,9,0.187,12,0.593,14,0.769,15,0.474,27,0.496,29,0.82,30,0.922,48,0.441,50,0.645,54,0.442,57,0.535,59,0.751,69,0.296,72,0.401,81,0.352,88,0.338,99,0.575
0.791,0.738,-1,0.236,0.159,Thu Jun 28 06:11:43 2018,caretEnsGreedyGlm,1,1,ifs C1 & C2 on C1,ignore,none,range01,ALTA,carEnstest4,1,5,403,624,222,0.9,0.2067,random,NA,cv,10,10,NA,5,,,,,,0,5,0.67,6,0.267,8,0.716,9,0.137,12,0.556,14,0.747,15,0.479,27,0.491,29,0.852,30,0.738,48,0.433,50,0.596,54,0.418,57,0.517,59,0.711,69,0.339,72,0.352,81,0.342,88,0.335,99,0.535
Fail,Fail,Fail,Fail,Fail,Thu Jun 28 06:12:30 2018,caretEnsGreedyGlm,1,1,ifs C1 & C2 on C1,ignore,none,range01,ALTA,carEnstest4,1,5,403,624,222,NA
0.657,0.634,-1,0.329,0.26,Thu Jun 28 06:12:47 2018,caretEnstk rpart,1,1,ifs C1 & C2 on C1,ignore,none,range01,ALTA,carEnstest4,1,5,403,624,222,0.9,0.2067,random,NA,cv,10,10,NA,5,,,,,,0,5,0.765,6,0.209,8,0.619,9,0.209,12,0.513,14,0.765,15,0.513,27,0.513,29,0.921,30,0.765,48,0.365,50,0.619,54,0.365,57,0.513,59,0.765,69,0.209,72,0.365,81,0.365,88,0.365,99,0.513
0.791,0.738,-1,0.236,0.159,Thu Jun 28 06:13:00 2018,caretEnstk glm,1,1,ifs C1 & C2 on C1,ignore,none,range01,ALTA,carEnstest4,1,5,403,624,222,0.9,0.2067,random,NA,cv,10,10,NA,5,,,,,,0,5,0.67,6,0.267,8,0.716,9,0.137,12,0.556,14,0.747,15,0.479,27,0.491,29,0.852,30,0.738,48,0.433,50,0.596,54,0.418,57,0.517,59,0.711,69,0.339,72,0.352,81,0.342,88,0.335,99,0.535
0.894,0.734,-1,0.24,0.0808,Thu Jun 28 06:14:49 2018,caretEnstk cubist,1,1,ifs C1 & C2 on C1,ignore,none,range01,ALTA,carEnstest4,1,5,403,1,222,0.9,0.2067,random,NA,cv,10,10,NA,5,,,,,,0,5,0.686,6,0.25,8,0.783,9,0.189,12,0.592,14,0.771,15,0.474,27,0.495,29,0.833,30,0.704,48,0.44,50,0.645,54,0.441,57,0.534,59,0.752,69,0.297,72,0.4,81,0.352,88,0.338,99,0.482
0.811,0.769,-1,0.208,0.144,Thu Jun 28 06:15:12 2018,caretEnstk earth,1,1,ifs C1 & C2 on C1,ignore,none,range01,ALTA,carEnstest4,1,5,403,624,222,0.9,0.2067,random,NA,cv,10,10,NA,5,,,,,,0,5,0.715,6,0.264,8,0.77,9,0.221,12,0.605,14,0.789,15,0.521,27,0.503,29,0.842,30,0.764,48,0.408,50,0.659,54,0.417,57,0.52,59,0.771,69,0.314,72,0.369,81,0.335,88,0.326,99,0.495
0.843,0.72,-1,0.253,0.119,Thu Jun 28 06:19:56 2018,caretEnstk bagEarth,1,1,ifs C1 & C2 on C1,ignore,none,range01,ALTA,carEnstest4,1,5,403,256,222,0.9,0.2067,random,NA,cv,10,10,NA,5,,,,,,0,5,0.681,6,0.254,8,0.764,9,0.21,12,0.585,14,0.791,15,0.491,27,0.492,29,0.835,30,0.684,48,0.431,50,0.631,54,0.423,57,0.52,59,0.742,69,0.309,72,0.385,81,0.342,88,0.328,99,0.52
0.774,0.686,-1,0.283,0.171,Thu Jun 28 06:20:11 2018,caretEnstk lasso,1,1,ifs C1 & C2 on C1,ignore,none,range01,ALTA,carEnstest4,1,5,403,624,222,0.9,0.2067,random,NA,cv,10,10,NA,5,,,,,,0,5,0.693,6,0.276,8,0.707,9,0.272,12,0.59,14,0.725,15,0.514,27,0.51,29,0.793,30,0.697,48,0.443,50,0.621,54,0.441,57,0.536,59,0.71,69,0.352,72,0.403,81,0.357,88,0.337,99,0.508
0.725,0.675,-1,0.292,0.209,Thu Jun 28 06:24:10 2018,caretEnstk Rborist,1,1,ifs C1 & C2 on C1,ignore,none,range01,ALTA,carEnstest4,1,5,403,622,222,0.9,0.2067,random,NA,cv,10,10,NA,5,,,,,,0,5,0.773,6,0.264,8,0.742,9,0.267,12,0.599,14,0.754,15,0.554,27,0.529,29,0.867,30,0.77,48,0.416,50,0.668,54,0.425,57,0.526,59,0.747,69,0.339,72,0.317,81,0.348,88,0.338,99,0.427
0.914,0.681,-1,0.288,0.066,Thu Jun 28 06:24:28 2018,caretEnstk rlm,1,1,ifs C1 & C2 on C1,ignore,none,range01,ALTA,carEnstest4,1,5,403,624,222,0.9,0.2067,random,NA,cv,10,10,NA,5,,,,,,0,5,0.668,6,0.249,8,0.782,9,0.186,12,0.593,14,0.769,15,0.474,27,0.495,29,0.82,30,0.636,48,0.44,50,0.645,54,0.442,57,0.534,59,0.751,69,0.297,72,0.401,81,0.352,88,0.338,99,0.575
0.795,0.756,-1,0.22,0.156,Thu Jun 28 06:25:18 2018,caretEnstk nnet,1,1,ifs C1 & C2 on C1,ignore,none,range01,ALTA,carEnstest4,1,5,403,361,222,0.9,0.2067,random,NA,cv,10,10,NA,5,,,,,,0,5,0.724,6,0.272,8,0.718,9,0.2,12,0.605,14,0.73,15,0.517,27,0.51,29,0.828,30,0.761,48,0.43,50,0.637,54,0.422,57,0.53,59,0.734,69,0.348,72,0.347,81,0.337,88,0.314,99,0.52
0.691,0.681,-1,0.287,0.235,Thu Jun 28 06:25:45 2018,caretEnstk pcaNNet,1,1,ifs C1 & C2 on C1,ignore,none,range01,ALTA,carEnstest4,1,5,403,81,222,0.9,0.2067,random,NA,cv,10,10,NA,5,,,,,,0,5,0.74,6,0.271,8,0.699,9,0.246,12,0.619,14,0.703,15,0.532,27,0.495,29,0.818,30,0.754,48,0.377,50,0.625,54,0.383,57,0.507,59,0.726,69,0.338,72,0.323,81,0.316,88,0.295,99,0.481
0.749,0.721,-1,0.252,0.191,Thu Jun 28 06:30:02 2018,caretEnstk avNNet,1,1,ifs C1 & C2 on C1,ignore,none,range01,ALTA,carEnstest4,1,5,403,249,222,0.9,0.2067,random,NA,cv,10,10,NA,5,,,,,,0,5,0.714,6,0.263,8,0.708,9,0.236,12,0.615,14,0.727,15,0.572,27,0.519,29,0.81,30,0.77,48,0.412,50,0.655,54,0.419,57,0.533,59,0.735,69,0.37,72,0.374,81,0.322,88,0.317,99,0.489
0.799,0.725,-1,0.248,0.153,Thu Jun 28 06:30:17 2018,caretEnstk pcr,1,1,ifs C1 & C2 on C1,ignore,none,range01,ALTA,carEnstest4,1,5,403,624,222,0.9,0.2067,random,NA,cv,10,10,NA,5,,,,,,0,5,0.71,6,0.249,8,0.747,9,0.192,12,0.609,14,0.719,15,0.519,27,0.502,29,0.847,30,0.714,48,0.417,50,0.629,54,0.425,57,0.533,59,0.732,69,0.332,72,0.35,81,0.35,88,0.316,99,0.519
0.783,0.738,-1,0.236,0.165,Thu Jun 28 06:30:36 2018,caretEnstk ppr,1,1,ifs C1 & C2 on C1,ignore,none,range01,ALTA,carEnstest4,1,5,403,624,222,0.9,0.2067,random,NA,cv,10,10,NA,5,,,,,,0,5,0.672,6,0.293,8,0.728,9,0.138,12,0.572,14,0.749,15,0.453,27,0.465,29,0.849,30,0.738,48,0.43,50,0.615,54,0.416,57,0.493,59,0.728,69,0.344,72,0.345,81,0.345,88,0.336,99,0.539
0.788,0.735,-1,0.238,0.161,Thu Jun 28 06:30:52 2018,caretEnstk enet,1,1,ifs C1 & C2 on C1,ignore,none,range01,ALTA,carEnstest4,1,5,403,624,222,0.9,0.2067,random,NA,cv,10,10,NA,5,,,,,,0,5,0.72,6,0.25,8,0.709,9,0.192,12,0.588,14,0.739,15,0.508,27,0.506,29,0.852,30,0.739,48,0.429,50,0.616,54,0.419,57,0.527,59,0.728,69,0.345,72,0.369,81,0.336,88,0.304,99,0.508
0.789,0.726,-1,0.247,0.16,Thu Jun 28 06:31:43 2018,caretEnstk blassoAveraged,1,1,ifs C1 & C2 on C1,ignore,none,range01,ALTA,carEnstest4,1,5,403,372,222,0.9,0.2067,random,NA,cv,10,10,NA,5,,,,,,0,5,0.72,6,0.252,8,0.718,9,0.218,12,0.598,14,0.741,15,0.513,27,0.509,29,0.84,30,0.723,48,0.433,50,0.623,54,0.425,57,0.536,59,0.722,69,0.336,72,0.372,81,0.337,88,0.309,99,0.505
0.809,0.759,-1,0.217,0.145,Thu Jun 28 06:31:59 2018,caretEnstk leapBackward,1,1,ifs C1 & C2 on C1,ignore,none,range01,ALTA,carEnstest4,1,5,403,624,222,0.9,0.2067,random,NA,cv,10,10,NA,5,,,,,,0,5,0.703,6,0.277,8,0.705,9,0.162,12,0.573,14,0.741,15,0.486,27,0.498,29,0.871,30,0.76,48,0.435,50,0.62,54,0.426,57,0.523,59,0.729,69,0.362,72,0.394,81,0.343,88,0.335,99,0.534
0.836,0.745,-1,0.229,0.124,Thu Jun 28 06:35:27 2018,caretEnstk BstLm,1,1,ifs C1 & C2 on C1,ignore,none,range01,ALTA,carEnstest4,1,5,403,624,222,0.9,0.2067,random,NA,cv,10,10,NA,5,,,,,,0,5,0.713,6,0.263,8,0.752,9,0.217,12,0.606,14,0.769,15,0.524,27,0.52,29,0.849,30,0.722,48,0.45,50,0.644,54,0.443,57,0.547,59,0.75,69,0.341,72,0.4,81,0.355,88,0.33,99,0.538
0.774,0.69,-1,0.279,0.171,Thu Jun 28 06:38:35 2018,caretEnstk gamboost,1,1,ifs C1 & C2 on C1,ignore,none,range01,ALTA,carEnstest4,1,5,403,624,222,0.9,0.2067,random,NA,cv,10,10,NA,5,,,,,,0,5,0.696,6,0.282,8,0.713,9,0.275,12,0.585,14,0.731,15,0.511,27,0.504,29,0.805,30,0.701,48,0.437,50,0.619,54,0.435,57,0.528,59,0.715,69,0.351,72,0.4,81,0.358,88,0.339,99,0.501
0,0,-1,0.9,0.76,Thu Jun 28 06:41:30 2018,caretEnstk xgbTree,1,1,ifs C1 & C2 on C1,ignore,none,range01,ALTA,carEnstest4,1,5,403,13,222,0.9,0.2067,random,NA,cv,10,10,NA,5,,,,,,0,5,0.526,6,0.526,8,0.526,9,0.526,12,0.526,14,0.526,15,0.526,27,0.526,29,0.526,30,0.526,48,0.526,50,0.526,54,0.526,57,0.526,59,0.526,69,0.526,72,0.526,81,0.526,88,0.526,99,0.526
0.854,0.711,-1,0.261,0.111,Thu Jun 28 06:50:05 2018,caretEnstk svmLinear2,1,1,ifs C1 & C2 on C1,ignore,none,range01,ALTA,carEnstest4,1,5,403,624,222,0.9,0.2067,random,NA,cv,10,10,NA,5,,,,,,0,5,0.671,6,0.266,8,0.75,9,0.167,12,0.581,14,0.75,15,0.468,27,0.492,29,0.836,30,0.672,48,0.444,50,0.622,54,0.437,57,0.525,59,0.735,69,0.31,72,0.377,81,0.355,88,0.335,99,0.563
0.585,0.531,-1,0.423,0.316,Thu Jun 28 06:50:31 2018,caretEnstk kknn,1,1,ifs C1 & C2 on C1,ignore,none,range01,ALTA,carEnstest4,1,5,403,624,222,0.9,0.2067,random,NA,cv,10,10,NA,5,,,,,,0,5,0.647,6,0.336,8,0.655,9,0.306,12,0.645,14,0.67,15,0.629,27,0.465,29,0.872,30,0.767,48,0.423,50,0.648,54,0.452,57,0.534,59,0.688,69,0.443,72,0.412,81,0.332,88,0.353,99,0.357
0.6,0.541,-1,0.413,0.304,Thu Jun 28 06:50:44 2018,caretEnstk knn,1,1,ifs C1 & C2 on C1,ignore,none,range01,ALTA,carEnstest4,1,5,403,624,222,0.9,0.2067,random,NA,cv,10,10,NA,5,,,,,,0,5,0.682,6,0.337,8,0.692,9,0.307,12,0.624,14,0.702,15,0.653,27,0.56,29,0.8,30,0.766,48,0.461,50,0.633,54,0.453,57,0.517,59,0.686,69,0.429,72,0.403,81,0.371,88,0.363,99,0.356
1,1,-1,0.00129,0.00106,Thu Jun 28 11:57:52 2018,perfect,1,1,ifs C1 & C2 on C1,ignore,none,range01,ALTA,carEnstest4,1,5,403,100,222,0.9,0.2067,random,NA,nohyperparameters,1,10,no rep,no min,,,,,,0,5,0.668,6,0.249,8,0.782,9,0.187,12,0.593,14,0.769,15,0.474,27,0.496,29,0.82,30,0.922,48,0.441,50,0.645,54,0.442,57,0.535,59,0.751,69,0.296,72,0.401,81,0.352,88,0.338,99,0.575
0.543,0.498,0.0179,0.451,0.348,Thu Jun 28 12:08:17 2018,SL.bartMachine,1,1,ifs C1 & C2 on C1,ignore,none,range01,ALTA,carEnstest4,1,5,403,228,222,0.9,0.2067,random,NA,nohyperparameters,1,10,no rep,no min,,,,,,0,5,0.736,6,0.276,8,0.554,9,0.383,12,0.554,14,0.746,15,0.506,27,0.622,29,0.723,30,0.735,48,0.462,50,0.673,54,0.488,57,0.504,59,0.724,69,0.427,72,0.379,81,0.282,88,0.311,99,0.454
0.053,0.021,0.0371,0.881,0.72,Thu Jun 28 12:08:27 2018,SL.bayesglm,1,1,ifs C1 & C2 on C1,ignore,none,range01,ALTA,carEnstest4,1,5,403,80,222,0.9,0.2067,random,NA,nohyperparameters,1,10,no rep,no min,,,,,,0,5,0.766,6,0.407,8,0.631,9,0.562,12,0.717,14,0.671,15,0.644,27,0.585,29,0.484,30,0.565,48,0.473,50,0.568,54,0.531,57,0.553,59,0.42,69,0.519,72,0.183,81,0.332,88,0.363,99,0.357
0.141,0.101,0.0382,0.809,0.653,Thu Jun 28 12:09:15 2018,SL.biglasso,1,1,ifs C1 & C2 on C1,ignore,none,range01,ALTA,carEnstest4,1,5,403,184,222,0.9,0.2067,random,NA,nohyperparameters,1,10,no rep,no min,,,,,,0,5,0.707,6,0.409,8,0.598,9,0.524,12,0.654,14,0.654,15,0.623,27,0.589,29,0.494,30,0.551,48,0.503,50,0.553,54,0.516,57,0.535,59,0.489,69,0.512,72,0.297,81,0.39,88,0.373,99,0.386
0.452,0.393,0.0253,0.546,0.417,Thu Jun 28 12:11:02 2018,SL.caret,1,1,ifs C1 & C2 on C1,ignore,none,range01,ALTA,carEnstest4,1,5,403,602,222,0.9,0.2067,random,NA,nohyperparameters,1,10,no rep,no min,,,,,,0,5,0.72,6,0.348,8,0.581,9,0.428,12,0.614,14,0.727,15,0.655,27,0.54,29,0.709,30,0.74,48,0.479,50,0.59,54,0.466,57,0.537,59,0.663,69,0.472,72,0.442,81,0.335,88,0.342,99,0.337
0.205,0.099,0.0356,0.811,0.604,Thu Jun 28 12:11:35 2018,SL.caret.rpart,1,1,ifs C1 & C2 on C1,ignore,none,range01,ALTA,carEnstest4,1,5,403,624,222,0.9,0.2067,random,NA,nohyperparameters,1,10,no rep,no min,,,,,,0,5,0.639,6,0.386,8,0.639,9,0.691,12,0.639,14,0.639,15,0.639,27,0.386,29,0.639,30,0.639,48,0.386,50,0.639,54,0.386,57,0.639,59,0.639,69,0.639,72,0.386,81,0.386,88,0.386,99,0.386
0.214,0.164,0.0339,0.752,0.598,Thu Jun 28 12:11:47 2018,SL.cforest,1,1,ifs C1 & C2 on C1,ignore,none,range01,ALTA,carEnstest4,1,5,403,276,222,0.9,0.2067,random,NA,nohyperparameters,1,10,no rep,no min,,,,,,0,5,0.652,6,0.427,8,0.58,9,0.515,12,0.606,14,0.622,15,0.59,27,0.546,29,0.54,30,0.575,48,0.493,50,0.592,54,0.509,57,0.576,59,0.52,69,0.526,72,0.457,81,0.413,88,0.426,99,0.467
Fail,Fail,Fail,Fail,Fail,Thu Jun 28 12:12:44 2018,SL.dbarts,1,1,ifs C1 & C2 on C1,ignore,none,range01,ALTA,carEnstest4,1,5,403,405,222,NA
0.607,0.545,0.0135,0.41,0.299,Thu Jun 28 12:12:50 2018,SL.earth,1,1,ifs C1 & C2 on C1,ignore,none,range01,ALTA,carEnstest4,1,5,403,80,222,0.9,0.2067,random,NA,nohyperparameters,1,10,no rep,no min,,,,,,0,5,0.719,6,0.228,8,0.816,9,0.407,12,0.636,14,0.772,15,0.616,27,0.618,29,0.801,30,0.86,48,0.256,50,0.645,54,0.425,57,0.531,59,0.761,69,0.406,72,0.302,81,0.303,88,0.312,99,0.459
0.294,0.258,0.0249,0.667,0.537,Thu Jun 28 12:12:56 2018,SL.extraTrees,1,1,ifs C1 & C2 on C1,ignore,none,range01,ALTA,carEnstest4,1,5,403,124,222,0.9,0.2067,random,NA,nohyperparameters,1,10,no rep,no min,,,,,,0,5,0.642,6,0.425,8,0.565,9,0.496,12,0.575,14,0.649,15,0.638,27,0.544,29,0.633,30,0.631,48,0.52,50,0.599,54,0.48,57,0.544,59,0.56,69,0.473,72,0.459,81,0.401,88,0.392,99,0.441
0.15,0.106,0.0396,0.804,0.646,Thu Jun 28 12:13:02 2018,SL.gam,1,1,ifs C1 & C2 on C1,ignore,none,range01,ALTA,carEnstest4,1,5,403,80,222,0.9,0.2067,random,NA,nohyperparameters,1,10,no rep,no min,,,,,,0,5,0.796,6,0.42,8,0.578,9,0.594,12,0.739,14,0.731,15,0.644,27,0.607,29,0.566,30,0.672,48,0.44,50,0.576,54,0.494,57,0.547,59,0.453,69,0.473,72,0.362,81,0.281,88,0.366,99,0.325
0.198,0.25,0.0276,0.675,0.609,Thu Jun 28 12:15:29 2018,SL.gbm,1,1,ifs C1 & C2 on C1,ignore,none,range01,ALTA,carEnstest4,1,5,403,7,222,0.9,0.2067,random,NA,nohyperparameters,1,10,no rep,no min,,,,,,0,5,0.819,6,0.37,8,0.615,9,0.458,12,0.665,14,0.696,15,0.62,27,0.642,29,0.598,30,0.686,48,0.5,50,0.595,54,0.599,57,0.675,59,0.58,69,0.47,72,0.408,81,0.21,88,0.275,99,0.43
0.048,0.017,0.0374,0.885,0.723,Thu Jun 28 12:15:31 2018,SL.glm,1,1,ifs C1 & C2 on C1,ignore,none,range01,ALTA,carEnstest4,1,5,403,80,222,0.9,0.2067,random,NA,nohyperparameters,1,10,no rep,no min,,,,,,0,5,0.77,6,0.406,8,0.633,9,0.564,12,0.722,14,0.672,15,0.645,27,0.586,29,0.485,30,0.566,48,0.47,50,0.569,54,0.532,57,0.554,59,0.419,69,0.519,72,0.177,81,0.329,88,0.361,99,0.356
0.413,0.244,0.0438,NA,NA,Thu Jun 28 12:15:34 2018,SL.glm.interaction,1,1,ifs C1 & C2 on C1,ignore,none,range01,ALTA,carEnstest4,1,5,403,80,222,0.9,0.2067,random,NA,nohyperparameters,1,10,no rep,no min,,,,,,0,5,0.727,6,0.29,8,0.69,9,0.447,12,0.606,14,0.88,15,0.529,27,0.644,29,0.734,30,1.45,48,0.539,50,0.651,54,0.421,57,0.546,59,0.601,69,0.406,72,0.434,81,0.3,88,0.371,99,0.493
0.169,0.124,0.0378,0.789,0.632,Thu Jun 28 12:15:42 2018,SL.glmnet,1,1,ifs C1 & C2 on C1,ignore,none,range01,ALTA,carEnstest4,1,5,403,256,222,0.9,0.2067,random,NA,nohyperparameters,1,10,no rep,no min,,,,,,0,5,0.682,6,0.411,8,0.591,9,0.52,12,0.635,14,0.633,15,0.611,27,0.582,29,0.507,30,0.549,48,0.494,50,0.544,54,0.51,57,0.532,59,0.512,69,0.511,72,0.332,81,0.415,88,0.389,99,0.411
0.443,0.39,0.0278,0.549,0.423,Thu Jun 28 12:16:06 2018,SL.ipredbagg,1,1,ifs C1 & C2 on C1,ignore,none,range01,ALTA,carEnstest4,1,5,403,208,222,0.9,0.2067,random,NA,nohyperparameters,1,10,no rep,no min,,,,,,0,5,0.712,6,0.344,8,0.556,9,0.442,12,0.607,14,0.725,15,0.629,27,0.55,29,0.7,30,0.695,48,0.487,50,0.589,54,0.462,57,0.56,59,0.657,69,0.483,72,0.438,81,0.339,88,0.32,99,0.417
0.189,0.203,0.0292,0.717,0.616,Thu Jun 28 12:16:10 2018,SL.kernelKnn,1,1,ifs C1 & C2 on C1,ignore,none,range01,ALTA,carEnstest4,1,5,403,80,222,0.9,0.2067,random,NA,nohyperparameters,1,10,no rep,no min,,,,,,0,5,0.566,6,0.346,8,0.628,9,0.534,12,0.558,14,0.65,15,0.671,27,0.589,29,0.629,30,0.619,48,0.557,50,0.597,54,0.493,57,0.593,59,0.564,69,0.52,72,0.459,81,0.475,88,0.441,99,0.437
Fail,Fail,Fail,Fail,Fail,Thu Jun 28 12:16:14 2018,SL.knn,1,1,ifs C1 & C2 on C1,ignore,none,range01,ALTA,carEnstest4,1,5,403,80,222,NA
0.331,0.306,0.0266,0.624,0.508,Thu Jun 28 12:16:24 2018,SL.ksvm,1,1,ifs C1 & C2 on C1,ignore,none,range01,ALTA,carEnstest4,1,5,403,256,222,0.9,0.2067,random,NA,nohyperparameters,1,10,no rep,no min,,,,,,0,5,0.694,6,0.328,8,0.578,9,0.447,12,0.589,14,0.584,15,0.7,27,0.571,29,0.683,30,0.79,48,0.525,50,0.645,54,0.457,57,0.565,59,0.559,69,0.5,72,0.507,81,0.407,88,0.385,99,0.374
Fail,Fail,Fail,Fail,Fail,Thu Jun 28 12:16:27 2018,SL.lda,1,1,ifs C1 & C2 on C1,ignore,none,range01,ALTA,carEnstest4,1,5,403,80,222,NA
Fail,Fail,Fail,Fail,Fail,Thu Jun 28 12:16:31 2018,SL.leekasso,1,1,ifs C1 & C2 on C1,ignore,none,range01,ALTA,carEnstest4,1,5,403,80,222,NA
0.048,0.017,0.0374,0.885,0.723,Thu Jun 28 12:16:36 2018,SL.lm,1,1,ifs C1 & C2 on C1,ignore,none,range01,ALTA,carEnstest4,1,5,403,80,222,0.9,0.2067,random,NA,nohyperparameters,1,10,no rep,no min,,,,,,0,5,0.77,6,0.406,8,0.633,9,0.564,12,0.722,14,0.672,15,0.645,27,0.586,29,0.485,30,0.566,48,0.47,50,0.569,54,0.532,57,0.554,59,0.419,69,0.519,72,0.177,81,0.329,88,0.361,99,0.356
-0.07,-0.151,0.0461,1.04,0.813,Thu Jun 28 12:16:39 2018,SL.loess,1,1,ifs C1 & C2 on C1,ignore,none,range01,ALTA,carEnstest4,1,5,403,80,222,0.9,0.2067,random,NA,nohyperparameters,1,10,no rep,no min,,,,,,0,5,0.505,6,0.504,8,0.559,9,0.502,12,0.497,14,0.506,15,0.542,27,0.51,29,0.497,30,0.272,48,0.517,50,0.544,54,0.549,57,0.536,59,0.516,69,0.543,72,0.549,81,0.497,88,0.494,99,0.542
Fail,Fail,Fail,Fail,Fail,Thu Jun 28 12:16:43 2018,SL.logreg,1,1,ifs C1 & C2 on C1,ignore,none,range01,ALTA,carEnstest4,1,5,403,624,222,NA
0,0,0.0432,0.9,0.76,Thu Jun 28 12:16:46 2018,SL.mean,1,1,ifs C1 & C2 on C1,ignore,none,range01,ALTA,carEnstest4,1,5,403,80,222,0.9,0.2067,random,NA,nohyperparameters,1,10,no rep,no min,,,,,,0,5,0.527,6,0.527,8,0.527,9,0.527,12,0.527,14,0.527,15,0.527,27,0.527,29,0.527,30,0.527,48,0.527,50,0.527,54,0.527,57,0.527,59,0.527,69,0.527,72,0.527,81,0.527,88,0.527,99,0.527
0.103,0.095,0.044,0.814,0.682,Thu Jun 28 12:16:51 2018,SL.nnet,1,1,ifs C1 & C2 on C1,ignore,none,range01,ALTA,carEnstest4,1,5,403,333,222,0.9,0.2067,random,NA,nohyperparameters,1,10,no rep,no min,,,,,,0,5,0.801,6,0.33,8,0.704,9,0.502,12,0.756,14,0.681,15,0.63,27,0.747,29,0.409,30,0.707,48,0.392,50,0.73,54,0.407,57,0.635,59,0.465,69,0.449,72,0.237,81,0.335,88,0.419,99,0.399
0.135,0.091,0.0321,0.818,0.657,Thu Jun 28 12:16:54 2018,SL.nnls,1,1,ifs C1 & C2 on C1,ignore,none,range01,ALTA,carEnstest4,1,5,403,80,222,0.9,0.2067,random,NA,nohyperparameters,1,10,no rep,no min,,,,,,0,5,0.719,6,0.405,8,0.594,9,0.53,12,0.661,14,0.667,15,0.629,27,0.588,29,0.49,30,0.558,48,0.494,50,0.557,54,0.513,57,0.536,59,0.47,69,0.507,72,0.279,81,0.369,88,0.373,99,0.375
0.381,0.221,0.0467,NA,NA,Thu Jun 28 12:17:03 2018,SL.polymars,1,1,ifs C1 & C2 on C1,ignore,none,range01,ALTA,carEnstest4,1,5,403,80,222,0.9,0.2067,random,NA,nohyperparameters,1,10,no rep,no min,,,,,,0,5,0.719,6,0.181,8,0.638,9,0.272,12,0.622,14,0.738,15,0.584,27,0.558,29,0.742,30,1.45,48,0.433,50,0.551,54,0.421,57,0.506,59,0.689,69,0.47,72,0.547,81,0.316,88,0.28,99,0.291
Fail,Fail,Fail,Fail,Fail,Thu Jun 28 12:17:05 2018,SL.qda,1,1,ifs C1 & C2 on C1,ignore,none,range01,ALTA,carEnstest4,1,5,403,80,222,NA
0.3,0.249,0.0255,0.675,0.532,Thu Jun 28 12:17:11 2018,SL.randomForest,1,1,ifs C1 & C2 on C1,ignore,none,range01,ALTA,carEnstest4,1,5,403,370,222,0.9,0.2067,random,NA,nohyperparameters,1,10,no rep,no min,,,,,,0,5,0.709,6,0.417,8,0.542,9,0.475,12,0.591,14,0.665,15,0.625,27,0.542,29,0.603,30,0.625,48,0.53,50,0.611,54,0.484,57,0.542,59,0.568,69,0.479,72,0.446,81,0.383,88,0.369,99,0.406
0.296,0.242,0.0254,0.682,0.535,Thu Jun 28 12:17:20 2018,SL.ranger,1,1,ifs C1 & C2 on C1,ignore,none,range01,ALTA,carEnstest4,1,5,403,103,222,0.9,0.2067,random,NA,nohyperparameters,1,10,no rep,no min,,,,,,0,5,0.707,6,0.408,8,0.534,9,0.488,12,0.582,14,0.665,15,0.641,27,0.533,29,0.599,30,0.621,48,0.516,50,0.61,54,0.479,57,0.547,59,0.584,69,0.487,72,0.452,81,0.383,88,0.372,99,0.414
0.082,0.044,0.036,0.861,0.698,Thu Jun 28 12:17:23 2018,SL.ridge,1,1,ifs C1 & C2 on C1,ignore,none,range01,ALTA,carEnstest4,1,5,403,80,222,0.9,0.2067,random,NA,nohyperparameters,1,10,no rep,no min,,,,,,0,5,0.73,6,0.42,8,0.614,9,0.551,12,0.683,14,0.655,15,0.631,27,0.574,29,0.484,30,0.556,48,0.489,50,0.563,54,0.53,57,0.55,59,0.426,69,0.518,72,0.233,81,0.36,88,0.385,99,0.376
0.348,0.134,0.0267,0.779,0.496,Thu Jun 28 12:17:26 2018,SL.rpart,1,1,ifs C1 & C2 on C1,ignore,none,range01,ALTA,carEnstest4,1,5,403,80,222,0.9,0.2067,random,NA,nohyperparameters,1,10,no rep,no min,,,,,,0,5,0.696,6,0.243,8,0.443,9,0.691,12,0.6,14,0.829,15,0.829,27,0.468,29,0.829,30,0.829,48,0.468,50,0.6,54,0.468,57,0.6,59,0.696,69,0.443,72,0.468,81,0.243,88,0.365,99,0.365
0.318,0.037,0.0334,0.866,0.518,Thu Jun 28 12:17:30 2018,SL.rpartPrune,1,1,ifs C1 & C2 on C1,ignore,none,range01,ALTA,carEnstest4,1,5,403,256,222,0.9,0.2067,random,NA,nohyperparameters,1,10,no rep,no min,,,,,,0,5,0.696,6,0.28,8,0.443,9,0.835,12,0.6,14,0.829,15,0.829,27,0.464,29,0.829,30,0.829,48,0.464,50,0.6,54,0.464,57,0.6,59,0.696,69,0.443,72,0.464,81,0.28,88,0.28,99,0.42
0.048,0.017,0.0374,0.885,0.723,Thu Jun 28 12:17:33 2018,SL.speedglm,1,1,ifs C1 & C2 on C1,ignore,none,range01,ALTA,carEnstest4,1,5,403,158,222,0.9,0.2067,random,NA,nohyperparameters,1,10,no rep,no min,,,,,,0,5,0.77,6,0.406,8,0.633,9,0.564,12,0.722,14,0.672,15,0.645,27,0.586,29,0.485,30,0.566,48,0.47,50,0.569,54,0.532,57,0.554,59,0.419,69,0.519,72,0.177,81,0.329,88,0.361,99,0.356
0.048,0.017,0.0374,0.885,0.723,Thu Jun 28 12:17:37 2018,SL.speedlm,1,1,ifs C1 & C2 on C1,ignore,none,range01,ALTA,carEnstest4,1,5,403,158,222,0.9,0.2067,random,NA,nohyperparameters,1,10,no rep,no min,,,,,,0,5,0.77,6,0.406,8,0.633,9,0.564,12,0.722,14,0.672,15,0.645,27,0.586,29,0.485,30,0.566,48,0.47,50,0.569,54,0.532,57,0.554,59,0.419,69,0.519,72,0.177,81,0.329,88,0.361,99,0.356
0.13,0.082,0.0375,0.826,0.661,Thu Jun 28 12:17:44 2018,SL.step,1,1,ifs C1 & C2 on C1,ignore,none,range01,ALTA,carEnstest4,1,5,403,80,222,0.9,0.2067,random,NA,nohyperparameters,1,10,no rep,no min,,,,,,0,5,0.77,6,0.365,8,0.591,9,0.538,12,0.681,14,0.694,15,0.627,27,0.601,29,0.487,30,0.567,48,0.499,50,0.59,54,0.519,57,0.524,59,0.481,69,0.518,72,0.269,81,0.362,88,0.34,99,0.338
0.13,0.082,0.0375,0.826,0.661,Thu Jun 28 12:17:49 2018,SL.step.forward,1,1,ifs C1 & C2 on C1,ignore,none,range01,ALTA,carEnstest4,1,5,403,80,222,0.9,0.2067,random,NA,nohyperparameters,1,10,no rep,no min,,,,,,0,5,0.77,6,0.365,8,0.591,9,0.538,12,0.681,14,0.694,15,0.627,27,0.601,29,0.487,30,0.567,48,0.499,50,0.59,54,0.519,57,0.524,59,0.481,69,0.518,72,0.269,81,0.362,88,0.34,99,0.338
0.45,0.26,0.0226,NA,NA,Thu Jun 28 12:18:06 2018,SL.step.interaction,1,1,ifs C1 & C2 on C1,ignore,none,range01,ALTA,carEnstest4,1,5,403,80,222,0.9,0.2067,random,NA,nohyperparameters,1,10,no rep,no min,,,,,,0,5,0.732,6,0.26,8,0.717,9,0.364,12,0.626,14,0.746,15,0.592,27,0.582,29,0.608,30,1.45,48,0.406,50,0.604,54,0.386,57,0.541,59,0.663,69,0.432,72,0.448,81,0.351,88,0.323,99,0.461
0.13,0.082,0.0371,0.826,0.661,Thu Jun 28 12:18:11 2018,SL.stepAIC,1,1,ifs C1 & C2 on C1,ignore,none,range01,ALTA,carEnstest4,1,5,403,80,222,0.9,0.2067,random,NA,nohyperparameters,1,10,no rep,no min,,,,,,0,5,0.77,6,0.365,8,0.591,9,0.538,12,0.681,14,0.694,15,0.627,27,0.601,29,0.487,30,0.567,48,0.499,50,0.59,54,0.519,57,0.524,59,0.481,69,0.518,72,0.269,81,0.362,88,0.34,99,0.338
0.298,0.246,0.0267,0.679,0.533,Thu Jun 28 12:18:15 2018,SL.svm,1,1,ifs C1 & C2 on C1,ignore,none,range01,ALTA,carEnstest4,1,5,403,80,222,0.9,0.2067,random,NA,nohyperparameters,1,10,no rep,no min,,,,,,0,5,0.689,6,0.341,8,0.567,9,0.491,12,0.588,14,0.534,15,0.659,27,0.56,29,0.652,30,0.705,48,0.52,50,0.651,54,0.452,57,0.544,59,0.523,69,0.444,72,0.515,81,0.381,88,0.37,99,0.362
Fail,Fail,Fail,Fail,Fail,Thu Jun 28 12:18:18 2018,SL.template,1,1,ifs C1 & C2 on C1,ignore,none,range01,ALTA,carEnstest4,1,5,403,80,222,NA
0.539,0.478,0.0152,0.469,0.35,Thu Jun 28 12:18:45 2018,SL.xgboost,1,1,ifs C1 & C2 on C1,ignore,none,range01,ALTA,carEnstest4,1,5,403,96,222,0.9,0.2067,random,NA,nohyperparameters,1,10,no rep,no min,,,,,,0,5,0.817,6,0.24,8,0.62,9,0.376,12,0.647,14,0.793,15,0.521,27,0.587,29,0.645,30,0.695,48,0.467,50,0.665,54,0.448,57,0.601,59,0.691,69,0.386,72,0.421,81,0.355,88,0.195,99,0.575
0.34,0.323,0.164,0.609,0.502,Thu Jun 28 12:20:55 2018,h2oAutoml 1,1,1,ifs C1 & C2 on C1,ignore,none,range01,ALTA,carEnstest4,1,5,403,102,222,0.9,0.2067,random,NA,cv,10,10,NA,5,,,,,,0,5,0.771,6,0.497,8,0.571,9,0.393,12,0.637,14,0.707,15,0.502,27,0.567,29,0.689,30,0.677,48,0.579,50,0.598,54,0.522,57,0.569,59,0.612,69,0.459,72,0.387,81,0.291,88,0.345,99,0.37
0.34,0.323,0.164,0.609,0.502,Thu Jun 28 12:21:26 2018,h2oAutoml 10,1,1,ifs C1 & C2 on C1,ignore,none,range01,ALTA,carEnstest4,1,5,403,102,222,0.9,0.2067,random,NA,cv,10,10,NA,5,,,,,,0,5,0.771,6,0.497,8,0.571,9,0.393,12,0.637,14,0.707,15,0.502,27,0.567,29,0.689,30,0.677,48,0.579,50,0.598,54,0.522,57,0.569,59,0.612,69,0.459,72,0.387,81,0.291,88,0.345,99,0.37
1,1,-1,0.00129,0.00106,Thu Jun 28 12:52:48 2018,perfect,1,1,ifs C1 & C2 on C1,ignore,none,range01,ALTA,carEnstest4,1,5,403,100,222,0.9,0.2067,random,NA,nohyperparameters,1,10,no rep,no min,,,,,,0,5,0.668,6,0.249,8,0.782,9,0.187,12,0.593,14,0.769,15,0.474,27,0.496,29,0.82,30,0.922,48,0.441,50,0.645,54,0.442,57,0.535,59,0.751,69,0.296,72,0.401,81,0.352,88,0.338,99,0.575
0.068,-0.005,0.116,0.905,0.708,Thu Jun 28 14:37:24 2018,h2oAutoml 100,1,1,ifs C1 & C2 on C1,ignore,none,range01,ALTA,carEnstest4,1,5,403,73,222,0.9,0.2067,random,NA,cv,10,10,NA,5,DeepLearning_grid_0_AutoML_20180628_125711_model_6,,,,,0,5,0.733,6,0.499,8,0.607,9,0.537,12,0.524,14,0.253,15,0.693,27,0.52,29,0.734,30,0.719,48,0.649,50,0.662,54,0.496,57,0.502,59,0.708,69,0.464,72,0.598,81,0.544,88,0.359,99,0.31
1,1,-1,0.00129,0.00106,Tue Jul 03 14:30:20 2018,perfect,1,1,ifs C1 & C2 on C1,ignore,none,range01,ALTA,carEnstest4,1,5,403,100,222,0.9,0.2067,random,NA,nohyperparameters,1,10,no rep,no min,,,,,,0,5,0.668,6,0.249,8,0.782,9,0.187,12,0.593,14,0.769,15,0.474,27,0.496,29,0.82,30,0.922,48,0.441,50,0.645,54,0.442,57,0.535,59,0.751,69,0.296,72,0.401,81,0.352,88,0.338,99,0.575
1,1,-1,0.00129,0.00106,Tue Jul 03 19:11:02 2018,perfect,1,1,ifs C1 & C2 on C1,ignore,none,range01,ALTA,carEnstest4,1,5,403,100,222,0.9,0.2067,random,NA,nohyperparameters,1,10,no rep,no min,,,,,,0,5,0.668,6,0.249,8,0.782,9,0.187,12,0.593,14,0.769,15,0.474,27,0.496,29,0.82,30,0.922,48,0.441,50,0.645,54,0.442,57,0.535,59,0.751,69,0.296,72,0.401,81,0.352,88,0.338,99,0.575
0.597,0.603,0.0775,0.358,0.306,Tue Jul 03 19:23:37 2018,SL.bartMachine1subs,1,1,ifs C1 & C2 on C1,ignore,none,range01,ALTA,carEnstest4,1,5,403,562,222,0.9,0.2067,random,718,nohyperparameters,1,10,no rep,no min,,,,,,0,5,0.691,6,0.293,8,0.742,9,0.31,12,0.631,14,0.798,15,0.563,27,0.625,29,0.754,30,0.778,48,0.413,50,0.578,54,0.415,57,0.504,59,0.828,69,0.433,72,0.332,81,0.335,88,0.273,99,0.454
0.618,0.636,0.0775,0.328,0.29,Tue Jul 03 19:33:33 2018,SL.bartMachine1subs,1,1,ifs C1 & C2 on C1,ignore,none,range01,ALTA,carEnstest4,1,5,403,562,222,0.9,0.2067,random,519,nohyperparameters,1,10,no rep,no min,,,,,,0,5,0.743,6,0.296,8,0.705,9,0.3,12,0.627,14,0.815,15,0.551,27,0.543,29,0.727,30,0.813,48,0.387,50,0.568,54,0.445,57,0.513,59,0.777,69,0.397,72,0.333,81,0.314,88,0.294,99,0.434
0.634,0.641,0.062,0.323,0.278,Tue Jul 03 19:41:59 2018,SL.bayesglm1subs,1,1,ifs C1 & C2 on C1,ignore,none,range01,ALTA,carEnstest4,1,5,403,562,222,0.9,0.2067,random,502,nohyperparameters,1,10,no rep,no min,,,,,,0,5,0.778,6,0.237,8,0.635,9,0.286,12,0.529,14,0.749,15,0.528,27,0.563,29,0.728,30,0.893,48,0.39,50,0.675,54,0.477,57,0.414,59,0.765,69,0.388,72,0.353,81,0.421,88,0.289,99,0.538
0.611,0.556,0.0364,0.399,0.295,Tue Jul 03 19:51:01 2018,SL.biglasso1subs,1,1,ifs C1 & C2 on C1,ignore,none,range01,ALTA,carEnstest4,1,5,403,10,222,0.9,0.2067,random,537,nohyperparameters,1,10,no rep,no min,,,,,,0,5,0.772,6,0.246,8,0.634,9,0.41,12,0.634,14,0.765,15,0.615,27,0.565,29,0.714,30,0.932,48,0.366,50,0.635,54,0.438,57,0.533,59,0.711,69,0.408,72,0.366,81,0.325,88,0.3,99,0.452
0.589,0.559,0.057,0.397,0.312,Tue Jul 03 20:00:11 2018,SL.caret1subs,1,1,ifs C1 & C2 on C1,ignore,none,range01,ALTA,carEnstest4,1,5,403,562,222,0.9,0.2067,random,543,nohyperparameters,1,10,no rep,no min,,,,,,0,5,0.761,6,0.284,8,0.653,9,0.393,12,0.609,14,0.809,15,0.569,27,0.573,29,0.689,30,0.795,48,0.411,50,0.603,54,0.433,57,0.524,59,0.75,69,0.389,72,0.39,81,0.303,88,0.287,99,0.431
0.458,0.444,0.102,0.5,0.412,Tue Jul 03 20:15:01 2018,SL.caret.rpart1subs,1,1,ifs C1 & C2 on C1,ignore,none,range01,ALTA,carEnstest4,1,5,403,562,222,0.9,0.2067,random,882,nohyperparameters,1,10,no rep,no min,,,,,,0,5,0.801,6,0.392,8,0.801,9,0.392,12,0.606,14,0.801,15,0.606,27,0.606,29,0.606,30,0.801,48,0.392,50,0.606,54,0.392,57,0.392,59,0.801,69,0.392,72,0.392,81,0.392,88,0.392,99,0.392
0.565,0.516,0.0745,0.436,0.331,Tue Jul 03 20:24:18 2018,SL.cforest1subs,1,1,ifs C1 & C2 on C1,ignore,none,range01,ALTA,carEnstest4,1,5,403,562,222,0.9,0.2067,random,552,nohyperparameters,1,10,no rep,no min,,,,,,0,5,0.748,6,0.3,8,0.7,9,0.418,12,0.659,14,0.753,15,0.625,27,0.626,29,0.725,30,0.757,48,0.428,50,0.647,54,0.436,57,0.564,59,0.733,69,0.417,72,0.399,81,0.305,88,0.31,99,0.434
Fail,Fail,Fail,Fail,Fail,Tue Jul 03 20:32:09 2018,SL.dbarts1subs,1,1,ifs C1 & C2 on C1,ignore,none,range01,ALTA,carEnstest4,1,5,403,512,222,467
0.495,0.462,0.0911,0.484,0.384,Tue Jul 03 20:39:54 2018,SL.earth1subs,1,1,ifs C1 & C2 on C1,ignore,none,range01,ALTA,carEnstest4,1,5,403,562,222,0.9,0.2067,random,462,nohyperparameters,1,10,no rep,no min,,,,,,0,5,0.596,6,0.324,8,0.692,9,0.315,12,0.597,14,1,15,0.553,27,0.661,29,0.931,30,0.889,48,0.382,50,0.559,54,0.396,57,0.529,59,0.866,69,0.395,72,0.393,81,0.333,88,0.299,99,0.332
0.58,0.539,0.0589,0.415,0.319,Tue Jul 03 20:47:43 2018,SL.extraTrees1subs,1,1,ifs C1 & C2 on C1,ignore,none,range01,ALTA,carEnstest4,1,5,403,562,222,0.9,0.2067,random,465,nohyperparameters,1,10,no rep,no min,,,,,,0,5,0.743,6,0.288,8,0.682,9,0.413,12,0.618,14,0.809,15,0.575,27,0.589,29,0.738,30,0.796,48,0.434,50,0.617,54,0.465,57,0.558,59,0.741,69,0.423,72,0.425,81,0.313,88,0.298,99,0.383
0.631,0.601,0.085,0.359,0.281,Tue Jul 03 20:55:53 2018,SL.gam1subs,1,1,ifs C1 & C2 on C1,ignore,none,range01,ALTA,carEnstest4,1,5,403,562,222,0.9,0.2067,random,486,nohyperparameters,1,10,no rep,no min,,,,,,0,5,0.648,6,0.367,8,0.652,9,0.311,12,0.542,14,0.796,15,0.663,27,0.571,29,0.764,30,0.948,48,0.438,50,0.67,54,0.477,57,0.518,59,0.74,69,0.389,72,0.397,81,0.446,88,0.386,99,0.47
0.625,0.597,0.0759,0.363,0.285,Tue Jul 03 21:03:51 2018,SL.gbm1subs,1,1,ifs C1 & C2 on C1,ignore,none,range01,ALTA,carEnstest4,1,5,403,562,222,0.9,0.2067,random,476,nohyperparameters,1,10,no rep,no min,,,,,,0,5,0.751,6,0.299,8,0.673,9,0.377,12,0.582,14,0.787,15,0.544,27,0.57,29,0.723,30,0.798,48,0.425,50,0.605,54,0.466,57,0.553,59,0.784,69,0.354,72,0.403,81,0.302,88,0.299,99,0.412
0.57,0.535,0.0851,0.418,0.327,Tue Jul 03 21:11:27 2018,SL.glm1subs,1,1,ifs C1 & C2 on C1,ignore,none,range01,ALTA,carEnstest4,1,5,403,562,222,0.9,0.2067,random,450,nohyperparameters,1,10,no rep,no min,,,,,,0,5,0.693,6,0.347,8,0.661,9,0.366,12,0.556,14,0.766,15,0.688,27,0.597,29,0.751,30,0.951,48,0.397,50,0.692,54,0.46,57,0.517,59,0.704,69,0.445,72,0.435,81,0.442,88,0.348,99,0.452
0.606,0.582,0.0267,0.376,0.299,Wed Jul 04 10:53:47 2018,method.NNLS,1,1,ifs C1 & C2 on C1,ignore,none,range01,ALTA,carEnstest4,1,5,403,20,222,0.9,0.2067,random,646,nohyperparameters,1,10,no rep,no min,,,,,,0,5,0.78,6,0.236,8,0.687,9,0.385,12,0.64,14,0.776,15,0.565,27,0.591,29,0.697,30,0.807,48,0.398,50,0.648,54,0.444,57,0.57,59,0.699,69,0.408,72,0.387,81,0.335,88,0.249,99,0.506
Fail,Fail,Fail,Fail,Fail,Wed Jul 04 10:53:56 2018,method.NNLS2,1,1,ifs C1 & C2 on C1,ignore,none,range01,ALTA,carEnstest4,1,5,403,624,222,2
0.028,-0.034,0.183,0.931,0.738,Wed Jul 04 10:54:02 2018,method.NNloglik,1,1,ifs C1 & C2 on C1,ignore,none,range01,ALTA,carEnstest4,1,5,403,624,222,0.9,0.2067,random,3,nohyperparameters,1,10,no rep,no min,,,,,,0,5,0.555,6,0.478,8,0.567,9,0.506,12,0.535,14,0.545,15,0.56,27,0.522,29,0.511,30,0.367,48,0.508,50,0.557,54,0.533,57,0.55,59,0.518,69,0.536,72,0.516,81,0.468,88,0.47,99,0.517
0.606,0.581,0.0267,0.377,0.299,Wed Jul 04 10:54:08 2018,method.CC_LS,1,1,ifs C1 & C2 on C1,ignore,none,range01,ALTA,carEnstest4,1,5,403,624,222,0.9,0.2067,random,2,nohyperparameters,1,10,no rep,no min,,,,,,0,5,0.78,6,0.236,8,0.687,9,0.385,12,0.64,14,0.776,15,0.565,27,0.591,29,0.696,30,0.806,48,0.398,50,0.648,54,0.444,57,0.57,59,0.699,69,0.408,72,0.387,81,0.336,88,0.249,99,0.506
0.591,0.553,0.0172,0.402,0.311,Wed Jul 04 10:54:15 2018,method.CC_nloglik,1,1,ifs C1 & C2 on C1,ignore,none,range01,ALTA,carEnstest4,1,5,403,624,222,0.9,0.2067,random,3,nohyperparameters,1,10,no rep,no min,,,,,,0,5,0.803,6,0.242,8,0.659,9,0.386,12,0.636,14,0.776,15,0.555,27,0.582,29,0.671,30,0.8,48,0.433,50,0.654,54,0.454,57,0.583,59,0.681,69,0.408,72,0.398,81,0.343,88,0.234,99,0.52
0.601,0.584,0.0276,0.374,0.304,Wed Jul 04 11:34:22 2018,method.NNLS,1,1,ifs C1 & C2 on C1,ignore,none,range01,ALTA,carEnstest4,1,5,403,20,222,0.9,0.2067,random,638,nohyperparameters,1,10,no rep,no min,,,,,,0,5,0.778,6,0.238,8,0.685,9,0.381,12,0.625,14,0.753,15,0.571,27,0.588,29,0.729,30,0.771,48,0.397,50,0.68,54,0.461,57,0.539,59,0.719,69,0.401,72,0.351,81,0.32,88,0.287,99,0.489
Fail,Fail,Fail,Fail,Fail,Wed Jul 04 11:34:32 2018,method.NNLS2,1,1,ifs C1 & C2 on C1,ignore,none,range01,ALTA,carEnstest4,1,5,403,624,222,4
0.028,-0.034,0.183,0.931,0.738,Wed Jul 04 11:34:38 2018,method.NNloglik,1,1,ifs C1 & C2 on C1,ignore,none,range01,ALTA,carEnstest4,1,5,403,624,222,0.9,0.2067,random,3,nohyperparameters,1,10,no rep,no min,,,,,,0,5,0.555,6,0.478,8,0.567,9,0.506,12,0.535,14,0.545,15,0.56,27,0.522,29,0.511,30,0.367,48,0.508,50,0.557,54,0.533,57,0.55,59,0.518,69,0.536,72,0.516,81,0.468,88,0.47,99,0.517
0.601,0.585,0.0277,0.374,0.303,Wed Jul 04 11:34:45 2018,method.CC_LS,1,1,ifs C1 & C2 on C1,ignore,none,range01,ALTA,carEnstest4,1,5,403,624,222,0.9,0.2067,random,3,nohyperparameters,1,10,no rep,no min,,,,,,0,5,0.778,6,0.238,8,0.685,9,0.381,12,0.625,14,0.753,15,0.571,27,0.588,29,0.73,30,0.772,48,0.397,50,0.68,54,0.46,57,0.539,59,0.719,69,0.401,72,0.351,81,0.32,88,0.286,99,0.489
0.586,0.563,0.021,0.393,0.315,Wed Jul 04 11:34:53 2018,method.CC_nloglik,1,1,ifs C1 & C2 on C1,ignore,none,range01,ALTA,carEnstest4,1,5,403,624,222,0.9,0.2067,random,5,nohyperparameters,1,10,no rep,no min,,,,,,0,5,0.798,6,0.242,8,0.663,9,0.382,12,0.627,14,0.754,15,0.565,27,0.581,29,0.703,30,0.767,48,0.428,50,0.679,54,0.467,57,0.551,59,0.697,69,0.407,72,0.367,81,0.33,88,0.271,99,0.497
1,1,-1,0.00129,0.00106,Wed Jul 04 12:02:28 2018,perfect,1,1,ifs C1 & C2 on C1,ignore,none,range01,ALTA,carEnstest4,1,5,403,100,222,0.9,0.2067,random,NA,nohyperparameters,1,10,no rep,no min,,,,,,0,5,0.668,6,0.249,8,0.782,9,0.187,12,0.593,14,0.769,15,0.474,27,0.496,29,0.82,30,0.922,48,0.441,50,0.645,54,0.442,57,0.535,59,0.751,69,0.296,72,0.401,81,0.352,88,0.338,99,0.575
1,1,-1,0.00129,0.00106,Wed Jul 04 17:07:16 2018,perfect,1,1,ifs C1 & C2 on C1,ignore,none,range01,ALTA,carEnstest4,1,5,403,100,222,0.9,0.2067,random,NA,nohyperparameters,1,10,no rep,no min,,,,,,0,5,0.668,6,0.249,8,0.782,9,0.187,12,0.593,14,0.769,15,0.474,27,0.496,29,0.82,30,0.922,48,0.441,50,0.645,54,0.442,57,0.535,59,0.751,69,0.296,72,0.401,81,0.352,88,0.338,99,0.575
0.635,0.611,0.039,0.35,0.277,Wed Jul 04 17:21:10 2018,method.NNLS,1,1,ifs C1 & C2 on C1,ignore,none,range01,ALTA,carEnstest4,1,5,403,558,222,0.9,0.2067,random,793,nohyperparameters,1,10,no rep,no min,,,,,,0,5,0.756,6,0.236,8,0.733,9,0.39,12,0.639,14,0.776,15,0.578,27,0.602,29,0.721,30,0.871,48,0.351,50,0.648,54,0.429,57,0.558,59,0.724,69,0.402,72,0.363,81,0.327,88,0.271,99,0.501
Fail,Fail,Fail,Fail,Fail,Wed Jul 04 17:21:18 2018,method.NNLS2,1,1,ifs C1 & C2 on C1,ignore,none,range01,ALTA,carEnstest4,1,5,403,624,222,3
0.03,-0.029,0.182,0.926,0.737,Wed Jul 04 17:21:25 2018,method.NNloglik,1,1,ifs C1 & C2 on C1,ignore,none,range01,ALTA,carEnstest4,1,5,403,624,222,0.9,0.2067,random,3,nohyperparameters,1,10,no rep,no min,,,,,,0,5,0.551,6,0.478,8,0.569,9,0.503,12,0.533,14,0.542,15,0.557,27,0.522,29,0.517,30,0.37,48,0.509,50,0.557,54,0.535,57,0.548,59,0.523,69,0.537,72,0.521,81,0.468,88,0.469,99,0.518
0.578,0.546,0.0424,0.409,0.321,Wed Jul 04 17:21:30 2018,method.CC_LS,1,1,ifs C1 & C2 on C1,ignore,none,range01,ALTA,carEnstest4,1,5,403,624,222,0.9,0.2067,random,2,nohyperparameters,1,10,no rep,no min,,,,,,0,5,0.762,6,0.249,8,0.715,9,0.411,12,0.645,14,0.77,15,0.581,27,0.604,29,0.705,30,0.763,48,0.364,50,0.646,54,0.445,57,0.557,59,0.701,69,0.412,72,0.343,81,0.329,88,0.271,99,0.488
0.635,0.611,0.039,0.35,0.277,Wed Jul 04 17:34:16 2018,method.NNLS,1,1,ifs C1 & C2 on C1,ignore,none,range01,ALTA,carEnstest4,1,5,403,430,222,0.9,0.2067,random,410,nohyperparameters,1,10,no rep,no min,,,,,,0,5,0.756,6,0.236,8,0.733,9,0.39,12,0.639,14,0.776,15,0.578,27,0.602,29,0.721,30,0.871,48,0.351,50,0.648,54,0.429,57,0.558,59,0.724,69,0.402,72,0.363,81,0.327,88,0.271,99,0.501
Fail,Fail,Fail,Fail,Fail,Wed Jul 04 17:34:24 2018,method.NNLS2,1,1,ifs C1 & C2 on C1,ignore,none,range01,ALTA,carEnstest4,1,5,403,624,222,0
0.034,-0.025,0.181,0.923,0.734,Wed Jul 04 17:34:33 2018,method.NNloglik,1,1,ifs C1 & C2 on C1,ignore,none,range01,ALTA,carEnstest4,1,5,403,624,222,0.9,0.2067,random,3,nohyperparameters,1,10,no rep,no min,,,,,,0,5,0.552,6,0.478,8,0.569,9,0.502,12,0.532,14,0.542,15,0.555,27,0.52,29,0.516,30,0.375,48,0.508,50,0.558,54,0.534,57,0.547,59,0.523,69,0.539,72,0.519,81,0.469,88,0.469,99,0.517
0.512,0.462,0.0673,0.484,0.371,Wed Jul 04 17:34:39 2018,method.CC_LS,1,1,ifs C1 & C2 on C1,ignore,none,range01,ALTA,carEnstest4,1,5,403,624,222,0.9,0.2067,random,2,nohyperparameters,1,10,no rep,no min,,,,,,0,5,0.714,6,0.292,8,0.7,9,0.457,12,0.628,14,0.67,15,0.635,27,0.592,29,0.707,30,0.767,48,0.381,50,0.638,54,0.448,57,0.539,59,0.631,69,0.434,72,0.367,81,0.335,88,0.34,99,0.41
0.528,0.479,0.0619,0.469,0.359,Wed Jul 04 17:42:43 2018,method.CC_nloglik,1,1,ifs C1 & C2 on C1,ignore,none,range01,ALTA,carEnstest4,1,5,403,624,222,0.9,0.2067,random,486,nohyperparameters,1,10,no rep,no min,,,,,,0,5,0.716,6,0.287,8,0.716,9,0.455,12,0.628,14,0.679,15,0.634,27,0.593,29,0.718,30,0.783,48,0.371,50,0.638,54,0.448,57,0.538,59,0.642,69,0.433,72,0.361,81,0.334,88,0.339,99,0.411
0.638,0.611,0.0389,0.35,0.275,Wed Jul 04 17:56:54 2018,method.NNLS,1,1,ifs C1 & C2 on C1,ignore,none,range01,ALTA,carEnstest4,1,5,403,558,222,0.9,0.2067,random,415,nohyperparameters,1,10,no rep,no min,,,,,,0,5,0.752,6,0.233,8,0.725,9,0.395,12,0.638,14,0.773,15,0.575,27,0.606,29,0.725,30,0.873,48,0.351,50,0.647,54,0.431,57,0.559,59,0.728,69,0.399,72,0.364,81,0.326,88,0.281,99,0.493
Fail,Fail,Fail,Fail,Fail,Wed Jul 04 17:57:06 2018,method.NNLS2,1,1,ifs C1 & C2 on C1,ignore,none,range01,ALTA,carEnstest4,1,5,403,624,222,0
0.03,-0.029,0.182,0.926,0.737,Wed Jul 04 17:57:14 2018,method.NNloglik,1,1,ifs C1 & C2 on C1,ignore,none,range01,ALTA,carEnstest4,1,5,403,624,222,0.9,0.2067,random,3,nohyperparameters,1,10,no rep,no min,,,,,,0,5,0.551,6,0.478,8,0.569,9,0.503,12,0.533,14,0.542,15,0.557,27,0.522,29,0.517,30,0.37,48,0.509,50,0.557,54,0.535,57,0.548,59,0.523,69,0.537,72,0.521,81,0.468,88,0.469,99,0.518
0.58,0.548,0.0422,0.407,0.319,Wed Jul 04 17:57:22 2018,method.CC_LS,1,1,ifs C1 & C2 on C1,ignore,none,range01,ALTA,carEnstest4,1,5,403,624,222,0.9,0.2067,random,3,nohyperparameters,1,10,no rep,no min,,,,,,0,5,0.758,6,0.245,8,0.708,9,0.414,12,0.644,14,0.768,15,0.577,27,0.608,29,0.709,30,0.769,48,0.364,50,0.646,54,0.446,57,0.558,59,0.707,69,0.409,72,0.345,81,0.328,88,0.282,99,0.481
0.635,0.611,0.039,0.35,0.277,Wed Jul 04 19:03:43 2018,method.NNLS,1,1,ifs C1 & C2 on C1,ignore,none,range01,ALTA,carEnstest4,1,5,403,558,222,0.9,0.2067,random,693,nohyperparameters,1,10,no rep,no min,,,,,,0,5,0.756,6,0.236,8,0.733,9,0.39,12,0.639,14,0.776,15,0.578,27,0.602,29,0.721,30,0.871,48,0.351,50,0.648,54,0.429,57,0.558,59,0.724,69,0.402,72,0.363,81,0.327,88,0.271,99,0.501
Fail,Fail,Fail,Fail,Fail,Wed Jul 04 19:03:51 2018,method.NNLS2,1,1,ifs C1 & C2 on C1,ignore,none,range01,ALTA,carEnstest4,1,5,403,624,222,0
0.03,-0.029,0.182,0.926,0.737,Wed Jul 04 19:03:58 2018,method.NNloglik,1,1,ifs C1 & C2 on C1,ignore,none,range01,ALTA,carEnstest4,1,5,403,624,222,0.9,0.2067,random,2,nohyperparameters,1,10,no rep,no min,,,,,,0,5,0.551,6,0.478,8,0.569,9,0.503,12,0.533,14,0.542,15,0.557,27,0.522,29,0.517,30,0.37,48,0.509,50,0.557,54,0.535,57,0.548,59,0.523,69,0.537,72,0.521,81,0.468,88,0.469,99,0.518
0.578,0.546,0.0424,0.409,0.321,Wed Jul 04 19:04:03 2018,method.CC_LS,1,1,ifs C1 & C2 on C1,ignore,none,range01,ALTA,carEnstest4,1,5,403,624,222,0.9,0.2067,random,1,nohyperparameters,1,10,no rep,no min,,,,,,0,5,0.762,6,0.249,8,0.715,9,0.411,12,0.645,14,0.77,15,0.581,27,0.604,29,0.705,30,0.763,48,0.364,50,0.646,54,0.445,57,0.557,59,0.701,69,0.412,72,0.343,81,0.329,88,0.271,99,0.488
